local_path,source_url,pages,width,height,bytes
source/images/home/frozen-vibes-white-1.png,https://frozenvibes.in/wp-content/uploads/2024/01/frozen-vibes-white-1.png,home;testimonials;photos/ayusha-and-vibhor;photos/tanushka-and-siddhant;photos/shikha-and-rushabh;photos/shrishti-and-jugal;photos/pratyushi-and-vedant;photos/divya-and-chaitanya;photos/sunaina-and-dan;photos/anushkta-and-archit;photos/devina-and-siddkenya;photos;films;contact;about,995,672,30172
source/images/home/12ds-1-scaled.jpg,https://frozenvibes.in/wp-content/uploads/2024/08/12ds-1-scaled.jpg,home,1600,1067,420200
source/images/home/ABJ_4757-1-scaled.jpg,https://frozenvibes.in/wp-content/uploads/2024/08/ABJ_4757-1-scaled.jpg,home,1600,1064,551940
source/images/home/DSC_7649-1-scaled.jpg,https://frozenvibes.in/wp-content/uploads/2024/08/DSC_7649-1-scaled.jpg,home,1600,1067,229633
source/images/home/FRV_2657-1-scaled.jpg,https://frozenvibes.in/wp-content/uploads/2024/08/FRV_2657-1-scaled.jpg,home,1600,1064,319618
source/images/home/FRV_3864-1-scaled.jpg,https://frozenvibes.in/wp-content/uploads/2024/08/FRV_3864-1-scaled.jpg,home,1600,1064,417371
source/images/home/FRV_4709-1-scaled.jpg,https://frozenvibes.in/wp-content/uploads/2024/08/FRV_4709-1-scaled.jpg,home,1600,1064,243921
source/images/home/FRV_5091-1-scaled.jpg,https://frozenvibes.in/wp-content/uploads/2024/08/FRV_5091-1-scaled.jpg,home,1600,1064,257344
source/images/home/FRV_5267-1-scaled.jpg,https://frozenvibes.in/wp-content/uploads/2024/08/FRV_5267-1-scaled.jpg,home,1600,1064,577021
source/images/home/FRV_5687-1-scaled.jpg,https://frozenvibes.in/wp-content/uploads/2024/08/FRV_5687-1-scaled.jpg,home,1600,1064,159684
source/images/home/FRV_5801-1-scaled.jpg,https://frozenvibes.in/wp-content/uploads/2024/08/FRV_5801-1-scaled.jpg,home,1600,1067,329146
source/images/home/FRV_6122-copy-1-scaled.jpg,https://frozenvibes.in/wp-content/uploads/2024/08/FRV_6122-copy-1-scaled.jpg,home,1600,1064,248572
source/images/home/FRV_6786-1-scaled.jpg,https://frozenvibes.in/wp-content/uploads/2024/08/FRV_6786-1-scaled.jpg,home,1600,1064,270520
source/images/home/FRV_7295-1-scaled.jpg,https://frozenvibes.in/wp-content/uploads/2024/08/FRV_7295-1-scaled.jpg,home,1600,1064,359828
source/images/home/FRV_8430-2-copy-1-scaled.jpg,https://frozenvibes.in/wp-content/uploads/2024/08/FRV_8430-2-copy-1-scaled.jpg,home,1600,1066,389449
source/images/home/Untitled-6-copy-1-scaled.jpg,https://frozenvibes.in/wp-content/uploads/2024/08/Untitled-6-copy-1-scaled.jpg,home,1600,1067,244386
source/images/home/FVR_0029-scaled.jpg,https://frozenvibes.in/wp-content/uploads/2024/01/FVR_0029-scaled.jpg,home,1600,2405,748980
source/images/home/FRV_7386-scaled.jpg,https://frozenvibes.in/wp-content/uploads/2024/01/FRV_7386-scaled.jpg,home,1600,2404,437628
source/images/home/DSC_6914-2-scaled.jpg,https://frozenvibes.in/wp-content/uploads/2024/01/DSC_6914-2-scaled.jpg,home,1600,1999,345373
source/images/home/FRV_7573-1-scaled.jpg,https://frozenvibes.in/wp-content/uploads/2024/01/FRV_7573-1-scaled.jpg,home,1600,2000,413451
source/images/home/DSC_6914-scaled.jpg,https://frozenvibes.in/wp-content/uploads/2024/01/DSC_6914-scaled.jpg,home,1600,2000,326035
source/images/home/FRV_0784-2-scaled.jpg,https://frozenvibes.in/wp-content/uploads/2024/01/FRV_0784-2-scaled.jpg,home,1600,2000,479579
source/images/home/FRV_8399-scaled.jpg,https://frozenvibes.in/wp-content/uploads/2024/01/FRV_8399-scaled.jpg,home,1600,2405,718143
source/images/home/FRV_8430-2-copy-scaled.jpg,https://frozenvibes.in/wp-content/uploads/2024/01/FRV_8430-2-copy-scaled.jpg,home,1600,1066,389449
source/images/home/nik-1.png,https://frozenvibes.in/wp-content/uploads/2024/01/nik-1.png,home,1600,1065,556324
source/images/home/rah-1.png,https://frozenvibes.in/wp-content/uploads/2024/01/rah-1.png,home,1600,1065,603753
source/images/home/DJI_20240901054105_0030_D-Enhanced-NR-1-1-scaled.jpg,https://frozenvibes.in/wp-content/uploads/2024/01/DJI_20240901054105_0030_D-Enhanced-NR-1-1-scaled.jpg,home,1600,829,160748
source/images/testimonials/FRV_7551-scaled.jpg,https://frozenvibes.in/wp-content/uploads/2024/08/FRV_7551-scaled.jpg,testimonials;photos,1600,1064,281324
source/images/photos/ayusha-and-vibhor/001-DJI_20231122222456_0069_D.jpg,https://frozenvibes.in/wp-content/gallery/vibhor-ayusha/DJI_20231122222456_0069_D.jpg,photos/ayusha-and-vibhor,1600,1067,178718
source/images/photos/ayusha-and-vibhor/002-199A1695.jpg,https://frozenvibes.in/wp-content/gallery/vibhor-ayusha/199A1695.jpg,photos/ayusha-and-vibhor,1600,1067,226334
source/images/photos/ayusha-and-vibhor/003-199A1678.jpg,https://frozenvibes.in/wp-content/gallery/vibhor-ayusha/199A1678.jpg,photos/ayusha-and-vibhor,1600,1067,270969
source/images/photos/ayusha-and-vibhor/004-199A1197.jpg,https://frozenvibes.in/wp-content/gallery/vibhor-ayusha/199A1197.jpg,photos/ayusha-and-vibhor,1600,1067,311299
source/images/photos/ayusha-and-vibhor/005-199A1733.jpg,https://frozenvibes.in/wp-content/gallery/vibhor-ayusha/199A1733.jpg,photos/ayusha-and-vibhor,1600,1067,319301
source/images/photos/ayusha-and-vibhor/006-199A1197-2.jpg,https://frozenvibes.in/wp-content/gallery/vibhor-ayusha/199A1197-2.jpg,photos/ayusha-and-vibhor,1600,1067,334313
source/images/photos/ayusha-and-vibhor/007-DJI_20231123045715_0081_D.jpg,https://frozenvibes.in/wp-content/gallery/vibhor-ayusha/DJI_20231123045715_0081_D.jpg,photos/ayusha-and-vibhor,1600,1200,595564
source/images/photos/ayusha-and-vibhor/008-DJI_20231123045939_009_D.jpg,https://frozenvibes.in/wp-content/gallery/vibhor-ayusha/DJI_20231123045939_009_D.jpg,photos/ayusha-and-vibhor,960,1200,238786
source/images/photos/ayusha-and-vibhor/009-DJI_20231123045939_0089_D.jpg,https://frozenvibes.in/wp-content/gallery/vibhor-ayusha/DJI_20231123045939_0089_D.jpg,photos/ayusha-and-vibhor,1600,1067,537652
source/images/photos/ayusha-and-vibhor/010-DSC_7189.jpg,https://frozenvibes.in/wp-content/gallery/vibhor-ayusha/DSC_7189.jpg,photos/ayusha-and-vibhor,1600,1067,181561
source/images/photos/ayusha-and-vibhor/011-DSC_7210.jpg,https://frozenvibes.in/wp-content/gallery/vibhor-ayusha/DSC_7210.jpg,photos/ayusha-and-vibhor,1600,1067,120077
source/images/photos/ayusha-and-vibhor/012-DSC_7193.jpg,https://frozenvibes.in/wp-content/gallery/vibhor-ayusha/DSC_7193.jpg,photos/ayusha-and-vibhor,1600,1067,176816
source/images/photos/ayusha-and-vibhor/013-DSC_7263.jpg,https://frozenvibes.in/wp-content/gallery/vibhor-ayusha/DSC_7263.jpg,photos/ayusha-and-vibhor,1600,1067,177916
source/images/photos/ayusha-and-vibhor/014-DSC_7288.jpg,https://frozenvibes.in/wp-content/gallery/vibhor-ayusha/DSC_7288.jpg,photos/ayusha-and-vibhor,800,1200,111124
source/images/photos/ayusha-and-vibhor/015-DSC_7302.jpg,https://frozenvibes.in/wp-content/gallery/vibhor-ayusha/DSC_7302.jpg,photos/ayusha-and-vibhor,1600,1067,228726
source/images/photos/ayusha-and-vibhor/016-DSC_7349.jpg,https://frozenvibes.in/wp-content/gallery/vibhor-ayusha/DSC_7349.jpg,photos/ayusha-and-vibhor,800,1200,127667
source/images/photos/ayusha-and-vibhor/017-DSC_7367.jpg,https://frozenvibes.in/wp-content/gallery/vibhor-ayusha/DSC_7367.jpg,photos/ayusha-and-vibhor,800,1200,131897
source/images/photos/ayusha-and-vibhor/018-DSC_7408.jpg,https://frozenvibes.in/wp-content/gallery/vibhor-ayusha/DSC_7408.jpg,photos/ayusha-and-vibhor,800,1200,102401
source/images/photos/ayusha-and-vibhor/019-DSC_7415.jpg,https://frozenvibes.in/wp-content/gallery/vibhor-ayusha/DSC_7415.jpg,photos/ayusha-and-vibhor,1600,1067,263585
source/images/photos/ayusha-and-vibhor/020-DSC_7426.jpg,https://frozenvibes.in/wp-content/gallery/vibhor-ayusha/DSC_7426.jpg,photos/ayusha-and-vibhor,1600,1067,255700
source/images/photos/ayusha-and-vibhor/021-DSC_7444.jpg,https://frozenvibes.in/wp-content/gallery/vibhor-ayusha/DSC_7444.jpg,photos/ayusha-and-vibhor,1600,1067,168310
source/images/photos/ayusha-and-vibhor/022-DSC_7487.jpg,https://frozenvibes.in/wp-content/gallery/vibhor-ayusha/DSC_7487.jpg,photos/ayusha-and-vibhor,1600,1067,189474
source/images/photos/ayusha-and-vibhor/023-DSC_7543.jpg,https://frozenvibes.in/wp-content/gallery/vibhor-ayusha/DSC_7543.jpg,photos/ayusha-and-vibhor,1600,1067,247828
source/images/photos/ayusha-and-vibhor/024-DSC_7563.jpg,https://frozenvibes.in/wp-content/gallery/vibhor-ayusha/DSC_7563.jpg,photos/ayusha-and-vibhor,1600,1067,256050
source/images/photos/ayusha-and-vibhor/025-DSC_7565.jpg,https://frozenvibes.in/wp-content/gallery/vibhor-ayusha/DSC_7565.jpg,photos/ayusha-and-vibhor,1600,1067,222647
source/images/photos/ayusha-and-vibhor/026-DSC_7566.jpg,https://frozenvibes.in/wp-content/gallery/vibhor-ayusha/DSC_7566.jpg,photos/ayusha-and-vibhor,1600,1067,231750
source/images/photos/ayusha-and-vibhor/027-DSC_7583.jpg,https://frozenvibes.in/wp-content/gallery/vibhor-ayusha/DSC_7583.jpg,photos/ayusha-and-vibhor,1600,1067,212679
source/images/photos/ayusha-and-vibhor/028-DSC_7603.jpg,https://frozenvibes.in/wp-content/gallery/vibhor-ayusha/DSC_7603.jpg,photos/ayusha-and-vibhor,1600,1067,273379
source/images/photos/ayusha-and-vibhor/029-DSC_7606.jpg,https://frozenvibes.in/wp-content/gallery/vibhor-ayusha/DSC_7606.jpg,photos/ayusha-and-vibhor,1600,1067,286649
source/images/photos/ayusha-and-vibhor/030-DSC_7612.jpg,https://frozenvibes.in/wp-content/gallery/vibhor-ayusha/DSC_7612.jpg,photos/ayusha-and-vibhor,1600,1067,309523
source/images/photos/ayusha-and-vibhor/031-DSC_7622.jpg,https://frozenvibes.in/wp-content/gallery/vibhor-ayusha/DSC_7622.jpg,photos/ayusha-and-vibhor,1600,1067,311670
source/images/photos/ayusha-and-vibhor/032-DSC_7649.jpg,https://frozenvibes.in/wp-content/gallery/vibhor-ayusha/DSC_7649.jpg,photos/ayusha-and-vibhor,1600,1067,226296
source/images/photos/ayusha-and-vibhor/033-DSC_7717.jpg,https://frozenvibes.in/wp-content/gallery/vibhor-ayusha/DSC_7717.jpg,photos/ayusha-and-vibhor,1600,1067,200926
source/images/photos/ayusha-and-vibhor/034-DSC_7662.jpg,https://frozenvibes.in/wp-content/gallery/vibhor-ayusha/DSC_7662.jpg,photos/ayusha-and-vibhor,1600,1067,275218
source/images/photos/ayusha-and-vibhor/035-FRV_0116.jpg,https://frozenvibes.in/wp-content/gallery/vibhor-ayusha/FRV_0116.jpg,photos/ayusha-and-vibhor,1600,1065,221962
source/images/photos/ayusha-and-vibhor/036-FRV_0128.jpg,https://frozenvibes.in/wp-content/gallery/vibhor-ayusha/FRV_0128.jpg,photos/ayusha-and-vibhor,1600,1065,214818
source/images/photos/ayusha-and-vibhor/037-FRV_0173.jpg,https://frozenvibes.in/wp-content/gallery/vibhor-ayusha/FRV_0173.jpg,photos/ayusha-and-vibhor,1600,1065,317001
source/images/photos/ayusha-and-vibhor/038-FRV_0207.jpg,https://frozenvibes.in/wp-content/gallery/vibhor-ayusha/FRV_0207.jpg,photos/ayusha-and-vibhor,1600,1065,274466
source/images/photos/ayusha-and-vibhor/039-FRV_682.jpg,https://frozenvibes.in/wp-content/gallery/vibhor-ayusha/FRV_682.jpg,photos/ayusha-and-vibhor,960,1200,167434
source/images/photos/ayusha-and-vibhor/040-FRV_1255.jpg,https://frozenvibes.in/wp-content/gallery/vibhor-ayusha/FRV_1255.jpg,photos/ayusha-and-vibhor,798,1200,211528
source/images/photos/ayusha-and-vibhor/041-FRV_1306.jpg,https://frozenvibes.in/wp-content/gallery/vibhor-ayusha/FRV_1306.jpg,photos/ayusha-and-vibhor,870,1200,66273
source/images/photos/ayusha-and-vibhor/042-FRV_1578.jpg,https://frozenvibes.in/wp-content/gallery/vibhor-ayusha/FRV_1578.jpg,photos/ayusha-and-vibhor,1600,1065,233307
source/images/photos/ayusha-and-vibhor/043-FRV_1666.jpg,https://frozenvibes.in/wp-content/gallery/vibhor-ayusha/FRV_1666.jpg,photos/ayusha-and-vibhor,1600,1065,290245
source/images/photos/ayusha-and-vibhor/044-FRV_2123.jpg,https://frozenvibes.in/wp-content/gallery/vibhor-ayusha/FRV_2123.jpg,photos/ayusha-and-vibhor,1600,1065,196084
source/images/photos/ayusha-and-vibhor/045-FRV_2296.jpg,https://frozenvibes.in/wp-content/gallery/vibhor-ayusha/FRV_2296.jpg,photos/ayusha-and-vibhor,1600,1065,230779
source/images/photos/ayusha-and-vibhor/046-FRV_2504.jpg,https://frozenvibes.in/wp-content/gallery/vibhor-ayusha/FRV_2504.jpg,photos/ayusha-and-vibhor,1600,1065,288723
source/images/photos/ayusha-and-vibhor/047-FRV_2616.jpg,https://frozenvibes.in/wp-content/gallery/vibhor-ayusha/FRV_2616.jpg,photos/ayusha-and-vibhor,1600,1065,209016
source/images/photos/ayusha-and-vibhor/048-FRV_2531.jpg,https://frozenvibes.in/wp-content/gallery/vibhor-ayusha/FRV_2531.jpg,photos/ayusha-and-vibhor,798,1200,208602
source/images/photos/ayusha-and-vibhor/049-FRV_2669.jpg,https://frozenvibes.in/wp-content/gallery/vibhor-ayusha/FRV_2669.jpg,photos/ayusha-and-vibhor,798,1200,118368
source/images/photos/ayusha-and-vibhor/050-FRV_2684.jpg,https://frozenvibes.in/wp-content/gallery/vibhor-ayusha/FRV_2684.jpg,photos/ayusha-and-vibhor,798,1200,123123
source/images/photos/ayusha-and-vibhor/051-FRV_2877.jpg,https://frozenvibes.in/wp-content/gallery/vibhor-ayusha/FRV_2877.jpg,photos/ayusha-and-vibhor,798,1200,95059
source/images/photos/ayusha-and-vibhor/052-FRV_2778.jpg,https://frozenvibes.in/wp-content/gallery/vibhor-ayusha/FRV_2778.jpg,photos/ayusha-and-vibhor,1600,1065,287588
source/images/photos/ayusha-and-vibhor/053-FRV_2799.jpg,https://frozenvibes.in/wp-content/gallery/vibhor-ayusha/FRV_2799.jpg,photos/ayusha-and-vibhor,798,1200,158063
source/images/photos/ayusha-and-vibhor/054-FRV_2902.jpg,https://frozenvibes.in/wp-content/gallery/vibhor-ayusha/FRV_2902.jpg,photos/ayusha-and-vibhor,798,1200,132186
source/images/photos/ayusha-and-vibhor/055-FRV_2908.jpg,https://frozenvibes.in/wp-content/gallery/vibhor-ayusha/FRV_2908.jpg,photos/ayusha-and-vibhor,798,1200,124780
source/images/photos/ayusha-and-vibhor/056-FRV_2916.jpg,https://frozenvibes.in/wp-content/gallery/vibhor-ayusha/FRV_2916.jpg,photos/ayusha-and-vibhor,798,1200,143895
source/images/photos/ayusha-and-vibhor/057-FRV_2929.jpg,https://frozenvibes.in/wp-content/gallery/vibhor-ayusha/FRV_2929.jpg,photos/ayusha-and-vibhor,798,1200,84942
source/images/photos/ayusha-and-vibhor/058-FRV_2939.jpg,https://frozenvibes.in/wp-content/gallery/vibhor-ayusha/FRV_2939.jpg,photos/ayusha-and-vibhor,980,1200,96260
source/images/photos/ayusha-and-vibhor/059-FRV_2958.jpg,https://frozenvibes.in/wp-content/gallery/vibhor-ayusha/FRV_2958.jpg,photos/ayusha-and-vibhor,798,1200,97672
source/images/photos/ayusha-and-vibhor/060-FRV_3005.jpg,https://frozenvibes.in/wp-content/gallery/vibhor-ayusha/FRV_3005.jpg,photos/ayusha-and-vibhor,798,1200,85809
source/images/photos/ayusha-and-vibhor/061-FRV_3296.jpg,https://frozenvibes.in/wp-content/gallery/vibhor-ayusha/FRV_3296.jpg,photos/ayusha-and-vibhor,1600,1065,193388
source/images/photos/ayusha-and-vibhor/062-FRV_2966.jpg,https://frozenvibes.in/wp-content/gallery/vibhor-ayusha/FRV_2966.jpg,photos/ayusha-and-vibhor,798,1200,124802
source/images/photos/ayusha-and-vibhor/063-FRV_3309.jpg,https://frozenvibes.in/wp-content/gallery/vibhor-ayusha/FRV_3309.jpg,photos/ayusha-and-vibhor,1600,1065,191871
source/images/photos/ayusha-and-vibhor/064-FRV_3413.jpg,https://frozenvibes.in/wp-content/gallery/vibhor-ayusha/FRV_3413.jpg,photos/ayusha-and-vibhor,1600,1065,158936
source/images/photos/ayusha-and-vibhor/065-FRV_3472.jpg,https://frozenvibes.in/wp-content/gallery/vibhor-ayusha/FRV_3472.jpg,photos/ayusha-and-vibhor,1600,1065,202104
source/images/photos/ayusha-and-vibhor/066-FRV_3487.jpg,https://frozenvibes.in/wp-content/gallery/vibhor-ayusha/FRV_3487.jpg,photos/ayusha-and-vibhor,1600,1065,214556
source/images/photos/ayusha-and-vibhor/067-FRV_3510.jpg,https://frozenvibes.in/wp-content/gallery/vibhor-ayusha/FRV_3510.jpg,photos/ayusha-and-vibhor,1600,1065,348375
source/images/photos/ayusha-and-vibhor/068-FRV_3521.jpg,https://frozenvibes.in/wp-content/gallery/vibhor-ayusha/FRV_3521.jpg,photos/ayusha-and-vibhor,1600,1065,159021
source/images/photos/ayusha-and-vibhor/069-FRV_3536.jpg,https://frozenvibes.in/wp-content/gallery/vibhor-ayusha/FRV_3536.jpg,photos/ayusha-and-vibhor,1600,1065,227450
source/images/photos/ayusha-and-vibhor/070-FRV_3539.jpg,https://frozenvibes.in/wp-content/gallery/vibhor-ayusha/FRV_3539.jpg,photos/ayusha-and-vibhor,1600,1065,186602
source/images/photos/ayusha-and-vibhor/071-FRV_3543.jpg,https://frozenvibes.in/wp-content/gallery/vibhor-ayusha/FRV_3543.jpg,photos/ayusha-and-vibhor,798,1200,151790
source/images/photos/ayusha-and-vibhor/072-FRV_3630.jpg,https://frozenvibes.in/wp-content/gallery/vibhor-ayusha/FRV_3630.jpg,photos/ayusha-and-vibhor,1600,1065,223522
source/images/photos/ayusha-and-vibhor/073-FRV_3728.jpg,https://frozenvibes.in/wp-content/gallery/vibhor-ayusha/FRV_3728.jpg,photos/ayusha-and-vibhor,1600,1065,244613
source/images/photos/ayusha-and-vibhor/074-FRV_4024.jpg,https://frozenvibes.in/wp-content/gallery/vibhor-ayusha/FRV_4024.jpg,photos/ayusha-and-vibhor,1600,1065,283106
source/images/photos/ayusha-and-vibhor/075-FRV_4028.jpg,https://frozenvibes.in/wp-content/gallery/vibhor-ayusha/FRV_4028.jpg,photos/ayusha-and-vibhor,1600,1065,175964
source/images/photos/ayusha-and-vibhor/076-FRV_4169.jpg,https://frozenvibes.in/wp-content/gallery/vibhor-ayusha/FRV_4169.jpg,photos/ayusha-and-vibhor,1600,1065,300193
source/images/photos/ayusha-and-vibhor/077-FRV_4049.jpg,https://frozenvibes.in/wp-content/gallery/vibhor-ayusha/FRV_4049.jpg,photos/ayusha-and-vibhor,924,1200,198890
source/images/photos/ayusha-and-vibhor/078-FRV_4262.jpg,https://frozenvibes.in/wp-content/gallery/vibhor-ayusha/FRV_4262.jpg,photos/ayusha-and-vibhor,1600,1065,245055
source/images/photos/ayusha-and-vibhor/079-FRV_4264.jpg,https://frozenvibes.in/wp-content/gallery/vibhor-ayusha/FRV_4264.jpg,photos/ayusha-and-vibhor,1600,1065,218422
source/images/photos/ayusha-and-vibhor/080-FRV_4341.jpg,https://frozenvibes.in/wp-content/gallery/vibhor-ayusha/FRV_4341.jpg,photos/ayusha-and-vibhor,1600,1065,334417
source/images/photos/ayusha-and-vibhor/081-FRV_4400.jpg,https://frozenvibes.in/wp-content/gallery/vibhor-ayusha/FRV_4400.jpg,photos/ayusha-and-vibhor,1600,1065,162866
source/images/photos/ayusha-and-vibhor/082-FRV_4394.jpg,https://frozenvibes.in/wp-content/gallery/vibhor-ayusha/FRV_4394.jpg,photos/ayusha-and-vibhor,1600,1065,175250
source/images/photos/ayusha-and-vibhor/083-FRV_4408.jpg,https://frozenvibes.in/wp-content/gallery/vibhor-ayusha/FRV_4408.jpg,photos/ayusha-and-vibhor,1600,1065,240182
source/images/photos/ayusha-and-vibhor/084-FRV_4429.jpg,https://frozenvibes.in/wp-content/gallery/vibhor-ayusha/FRV_4429.jpg,photos/ayusha-and-vibhor,1600,1065,204607
source/images/photos/ayusha-and-vibhor/085-FRV_4602.jpg,https://frozenvibes.in/wp-content/gallery/vibhor-ayusha/FRV_4602.jpg,photos/ayusha-and-vibhor,1600,1065,217406
source/images/photos/ayusha-and-vibhor/086-FRV_4617.jpg,https://frozenvibes.in/wp-content/gallery/vibhor-ayusha/FRV_4617.jpg,photos/ayusha-and-vibhor,1600,1065,298509
source/images/photos/ayusha-and-vibhor/087-FRV_4618.jpg,https://frozenvibes.in/wp-content/gallery/vibhor-ayusha/FRV_4618.jpg,photos/ayusha-and-vibhor,1600,1065,259771
source/images/photos/ayusha-and-vibhor/088-FRV_4683.jpg,https://frozenvibes.in/wp-content/gallery/vibhor-ayusha/FRV_4683.jpg,photos/ayusha-and-vibhor,1600,1065,211006
source/images/photos/ayusha-and-vibhor/089-FRV_4743.jpg,https://frozenvibes.in/wp-content/gallery/vibhor-ayusha/FRV_4743.jpg,photos/ayusha-and-vibhor,1600,1065,214449
source/images/photos/ayusha-and-vibhor/090-FRV_4828.jpg,https://frozenvibes.in/wp-content/gallery/vibhor-ayusha/FRV_4828.jpg,photos/ayusha-and-vibhor,798,1200,104553
source/images/photos/ayusha-and-vibhor/091-FRV_4855.jpg,https://frozenvibes.in/wp-content/gallery/vibhor-ayusha/FRV_4855.jpg,photos/ayusha-and-vibhor,1600,1065,296973
source/images/photos/ayusha-and-vibhor/092-FRV_4870.jpg,https://frozenvibes.in/wp-content/gallery/vibhor-ayusha/FRV_4870.jpg,photos/ayusha-and-vibhor,1600,1065,226733
source/images/photos/ayusha-and-vibhor/093-FRV_4884.jpg,https://frozenvibes.in/wp-content/gallery/vibhor-ayusha/FRV_4884.jpg,photos/ayusha-and-vibhor,1600,1065,254481
source/images/photos/ayusha-and-vibhor/094-FRV_4896.jpg,https://frozenvibes.in/wp-content/gallery/vibhor-ayusha/FRV_4896.jpg,photos/ayusha-and-vibhor,1600,1065,294843
source/images/photos/ayusha-and-vibhor/095-FRV_4911.jpg,https://frozenvibes.in/wp-content/gallery/vibhor-ayusha/FRV_4911.jpg,photos/ayusha-and-vibhor,1600,1065,173259
source/images/photos/ayusha-and-vibhor/096-FRV_4901.jpg,https://frozenvibes.in/wp-content/gallery/vibhor-ayusha/FRV_4901.jpg,photos/ayusha-and-vibhor,1600,1065,178116
source/images/photos/ayusha-and-vibhor/097-FRV_4969.jpg,https://frozenvibes.in/wp-content/gallery/vibhor-ayusha/FRV_4969.jpg,photos/ayusha-and-vibhor,1600,1065,192485
source/images/photos/ayusha-and-vibhor/098-FRV_4996.jpg,https://frozenvibes.in/wp-content/gallery/vibhor-ayusha/FRV_4996.jpg,photos/ayusha-and-vibhor,1600,1065,338330
source/images/photos/ayusha-and-vibhor/099-FRV_5028.jpg,https://frozenvibes.in/wp-content/gallery/vibhor-ayusha/FRV_5028.jpg,photos/ayusha-and-vibhor,1600,1065,268489
source/images/photos/ayusha-and-vibhor/100-FRV_5031.jpg,https://frozenvibes.in/wp-content/gallery/vibhor-ayusha/FRV_5031.jpg,photos/ayusha-and-vibhor,1600,1065,266887
source/images/photos/ayusha-and-vibhor/101-FRV_5062.jpg,https://frozenvibes.in/wp-content/gallery/vibhor-ayusha/FRV_5062.jpg,photos/ayusha-and-vibhor,1600,1065,316640
source/images/photos/ayusha-and-vibhor/102-FRV_5076.jpg,https://frozenvibes.in/wp-content/gallery/vibhor-ayusha/FRV_5076.jpg,photos/ayusha-and-vibhor,1600,1065,291767
source/images/photos/ayusha-and-vibhor/103-FRV_5132.jpg,https://frozenvibes.in/wp-content/gallery/vibhor-ayusha/FRV_5132.jpg,photos/ayusha-and-vibhor,1600,1065,247222
source/images/photos/ayusha-and-vibhor/104-FRV_5150.jpg,https://frozenvibes.in/wp-content/gallery/vibhor-ayusha/FRV_5150.jpg,photos/ayusha-and-vibhor,1600,1065,297521
source/images/photos/ayusha-and-vibhor/105-FRV_5154.jpg,https://frozenvibes.in/wp-content/gallery/vibhor-ayusha/FRV_5154.jpg,photos/ayusha-and-vibhor,1600,1065,305218
source/images/photos/ayusha-and-vibhor/106-FRV_5208.jpg,https://frozenvibes.in/wp-content/gallery/vibhor-ayusha/FRV_5208.jpg,photos/ayusha-and-vibhor,1600,1065,370656
source/images/photos/ayusha-and-vibhor/107-FRV_5209.jpg,https://frozenvibes.in/wp-content/gallery/vibhor-ayusha/FRV_5209.jpg,photos/ayusha-and-vibhor,1600,1065,276417
source/images/photos/ayusha-and-vibhor/108-FRV_5459.jpg,https://frozenvibes.in/wp-content/gallery/vibhor-ayusha/FRV_5459.jpg,photos/ayusha-and-vibhor,1600,1065,202919
source/images/photos/ayusha-and-vibhor/109-FRV_5351.jpg,https://frozenvibes.in/wp-content/gallery/vibhor-ayusha/FRV_5351.jpg,photos/ayusha-and-vibhor,1600,1065,202127
source/images/photos/ayusha-and-vibhor/110-FRV_5214.jpg,https://frozenvibes.in/wp-content/gallery/vibhor-ayusha/FRV_5214.jpg,photos/ayusha-and-vibhor,1600,1065,305554
source/images/photos/ayusha-and-vibhor/111-FRV_5470.jpg,https://frozenvibes.in/wp-content/gallery/vibhor-ayusha/FRV_5470.jpg,photos/ayusha-and-vibhor,1600,1065,258092
source/images/photos/ayusha-and-vibhor/112-FRV_5426.jpg,https://frozenvibes.in/wp-content/gallery/vibhor-ayusha/FRV_5426.jpg,photos/ayusha-and-vibhor,1600,1065,276671
source/images/photos/ayusha-and-vibhor/113-FRV_5547.jpg,https://frozenvibes.in/wp-content/gallery/vibhor-ayusha/FRV_5547.jpg,photos/ayusha-and-vibhor,1600,1065,207728
source/images/photos/ayusha-and-vibhor/114-FRV_5550.jpg,https://frozenvibes.in/wp-content/gallery/vibhor-ayusha/FRV_5550.jpg,photos/ayusha-and-vibhor,1600,1065,245152
source/images/photos/ayusha-and-vibhor/115-FRV_5560.jpg,https://frozenvibes.in/wp-content/gallery/vibhor-ayusha/FRV_5560.jpg,photos/ayusha-and-vibhor,1600,1065,306609
source/images/photos/ayusha-and-vibhor/116-FRV_5681.jpg,https://frozenvibes.in/wp-content/gallery/vibhor-ayusha/FRV_5681.jpg,photos/ayusha-and-vibhor,1600,1065,288654
source/images/photos/ayusha-and-vibhor/117-FRV_5640.jpg,https://frozenvibes.in/wp-content/gallery/vibhor-ayusha/FRV_5640.jpg,photos/ayusha-and-vibhor,1600,1065,364115
source/images/photos/ayusha-and-vibhor/118-FRV_5611.jpg,https://frozenvibes.in/wp-content/gallery/vibhor-ayusha/FRV_5611.jpg,photos/ayusha-and-vibhor,1600,1065,328022
source/images/photos/ayusha-and-vibhor/119-FRV_5687.jpg,https://frozenvibes.in/wp-content/gallery/vibhor-ayusha/FRV_5687.jpg,photos/ayusha-and-vibhor,1600,1065,329513
source/images/photos/ayusha-and-vibhor/120-FRV_5690.jpg,https://frozenvibes.in/wp-content/gallery/vibhor-ayusha/FRV_5690.jpg,photos/ayusha-and-vibhor,1600,1065,305627
source/images/photos/ayusha-and-vibhor/121-FRV_5758.jpg,https://frozenvibes.in/wp-content/gallery/vibhor-ayusha/FRV_5758.jpg,photos/ayusha-and-vibhor,1600,1065,235151
source/images/photos/ayusha-and-vibhor/122-FRV_5760.jpg,https://frozenvibes.in/wp-content/gallery/vibhor-ayusha/FRV_5760.jpg,photos/ayusha-and-vibhor,1600,1065,335640
source/images/photos/ayusha-and-vibhor/123-FRV_5764.jpg,https://frozenvibes.in/wp-content/gallery/vibhor-ayusha/FRV_5764.jpg,photos/ayusha-and-vibhor,1600,1065,323634
source/images/photos/ayusha-and-vibhor/124-FRV_5765.jpg,https://frozenvibes.in/wp-content/gallery/vibhor-ayusha/FRV_5765.jpg,photos/ayusha-and-vibhor,1600,1065,327290
source/images/photos/ayusha-and-vibhor/125-FRV_5810.jpg,https://frozenvibes.in/wp-content/gallery/vibhor-ayusha/FRV_5810.jpg,photos/ayusha-and-vibhor,1600,1065,346799
source/images/photos/ayusha-and-vibhor/126-FRV_5839.jpg,https://frozenvibes.in/wp-content/gallery/vibhor-ayusha/FRV_5839.jpg,photos/ayusha-and-vibhor,1600,1065,265265
source/images/photos/ayusha-and-vibhor/127-FRV_5845.jpg,https://frozenvibes.in/wp-content/gallery/vibhor-ayusha/FRV_5845.jpg,photos/ayusha-and-vibhor,1600,1065,272372
source/images/photos/ayusha-and-vibhor/128-FRV_5821.jpg,https://frozenvibes.in/wp-content/gallery/vibhor-ayusha/FRV_5821.jpg,photos/ayusha-and-vibhor,1600,1065,356203
source/images/photos/ayusha-and-vibhor/129-FRV_5843.jpg,https://frozenvibes.in/wp-content/gallery/vibhor-ayusha/FRV_5843.jpg,photos/ayusha-and-vibhor,1600,1065,255696
source/images/photos/ayusha-and-vibhor/130-FRV_5830.jpg,https://frozenvibes.in/wp-content/gallery/vibhor-ayusha/FRV_5830.jpg,photos/ayusha-and-vibhor,1600,1065,374254
source/images/photos/ayusha-and-vibhor/131-FRV_5955.jpg,https://frozenvibes.in/wp-content/gallery/vibhor-ayusha/FRV_5955.jpg,photos/ayusha-and-vibhor,1600,1065,356807
source/images/photos/ayusha-and-vibhor/132-FRV_6122.jpg,https://frozenvibes.in/wp-content/gallery/vibhor-ayusha/FRV_6122.jpg,photos/ayusha-and-vibhor,1600,1065,245245
source/images/photos/ayusha-and-vibhor/133-FRV_6122-2.jpg,https://frozenvibes.in/wp-content/gallery/vibhor-ayusha/FRV_6122-2.jpg,photos/ayusha-and-vibhor,960,1200,145481
source/images/photos/ayusha-and-vibhor/134-FRV_6233.jpg,https://frozenvibes.in/wp-content/gallery/vibhor-ayusha/FRV_6233.jpg,photos/ayusha-and-vibhor,1600,1065,189666
source/images/photos/ayusha-and-vibhor/135-FRV_6206.jpg,https://frozenvibes.in/wp-content/gallery/vibhor-ayusha/FRV_6206.jpg,photos/ayusha-and-vibhor,1600,1065,185039
source/images/photos/ayusha-and-vibhor/136-FRV_6298.jpg,https://frozenvibes.in/wp-content/gallery/vibhor-ayusha/FRV_6298.jpg,photos/ayusha-and-vibhor,1600,1065,181223
source/images/photos/ayusha-and-vibhor/137-FRV_6297.jpg,https://frozenvibes.in/wp-content/gallery/vibhor-ayusha/FRV_6297.jpg,photos/ayusha-and-vibhor,1600,1065,195086
source/images/photos/ayusha-and-vibhor/138-FRV_6293.jpg,https://frozenvibes.in/wp-content/gallery/vibhor-ayusha/FRV_6293.jpg,photos/ayusha-and-vibhor,798,1200,140878
source/images/photos/ayusha-and-vibhor/139-FRV_6310.jpg,https://frozenvibes.in/wp-content/gallery/vibhor-ayusha/FRV_6310.jpg,photos/ayusha-and-vibhor,1600,1065,283362
source/images/photos/ayusha-and-vibhor/140-FRV_6326.jpg,https://frozenvibes.in/wp-content/gallery/vibhor-ayusha/FRV_6326.jpg,photos/ayusha-and-vibhor,1600,1065,300139
source/images/photos/ayusha-and-vibhor/141-FRV_6332.jpg,https://frozenvibes.in/wp-content/gallery/vibhor-ayusha/FRV_6332.jpg,photos/ayusha-and-vibhor,1600,1065,286659
source/images/photos/ayusha-and-vibhor/142-FRV_6389.jpg,https://frozenvibes.in/wp-content/gallery/vibhor-ayusha/FRV_6389.jpg,photos/ayusha-and-vibhor,1600,1065,148237
source/images/photos/ayusha-and-vibhor/143-FRV_6371.jpg,https://frozenvibes.in/wp-content/gallery/vibhor-ayusha/FRV_6371.jpg,photos/ayusha-and-vibhor,799,1200,143731
source/images/photos/ayusha-and-vibhor/144-FRV_6332-2.jpg,https://frozenvibes.in/wp-content/gallery/vibhor-ayusha/FRV_6332-2.jpg,photos/ayusha-and-vibhor,1600,1065,286473
source/images/photos/ayusha-and-vibhor/145-FRV_6371-2.jpg,https://frozenvibes.in/wp-content/gallery/vibhor-ayusha/FRV_6371-2.jpg,photos/ayusha-and-vibhor,960,1200,157707
source/images/photos/ayusha-and-vibhor/146-FRV_6351.jpg,https://frozenvibes.in/wp-content/gallery/vibhor-ayusha/FRV_6351.jpg,photos/ayusha-and-vibhor,1600,1065,309944
source/images/photos/ayusha-and-vibhor/147-FRV_6394.jpg,https://frozenvibes.in/wp-content/gallery/vibhor-ayusha/FRV_6394.jpg,photos/ayusha-and-vibhor,798,1200,97666
source/images/photos/ayusha-and-vibhor/148-FRV_6400.jpg,https://frozenvibes.in/wp-content/gallery/vibhor-ayusha/FRV_6400.jpg,photos/ayusha-and-vibhor,1600,1065,178464
source/images/photos/ayusha-and-vibhor/149-FRV_6406.jpg,https://frozenvibes.in/wp-content/gallery/vibhor-ayusha/FRV_6406.jpg,photos/ayusha-and-vibhor,1600,1065,141107
source/images/photos/ayusha-and-vibhor/150-FRV_6400-2.jpg,https://frozenvibes.in/wp-content/gallery/vibhor-ayusha/FRV_6400-2.jpg,photos/ayusha-and-vibhor,960,1200,124620
source/images/photos/ayusha-and-vibhor/151-FRV_6402.jpg,https://frozenvibes.in/wp-content/gallery/vibhor-ayusha/FRV_6402.jpg,photos/ayusha-and-vibhor,1600,1065,177886
source/images/photos/ayusha-and-vibhor/152-FRV_6400-3.jpg,https://frozenvibes.in/wp-content/gallery/vibhor-ayusha/FRV_6400-3.jpg,photos/ayusha-and-vibhor,1600,1065,178392
source/images/photos/ayusha-and-vibhor/153-FRV_6447.jpg,https://frozenvibes.in/wp-content/gallery/vibhor-ayusha/FRV_6447.jpg,photos/ayusha-and-vibhor,1600,1065,214373
source/images/photos/ayusha-and-vibhor/154-FRV_6425.jpg,https://frozenvibes.in/wp-content/gallery/vibhor-ayusha/FRV_6425.jpg,photos/ayusha-and-vibhor,1600,1065,248916
source/images/photos/ayusha-and-vibhor/155-FRV_6465.jpg,https://frozenvibes.in/wp-content/gallery/vibhor-ayusha/FRV_6465.jpg,photos/ayusha-and-vibhor,1600,1065,323986
source/images/photos/ayusha-and-vibhor/156-FRV_6468.jpg,https://frozenvibes.in/wp-content/gallery/vibhor-ayusha/FRV_6468.jpg,photos/ayusha-and-vibhor,1600,1065,238392
source/images/photos/ayusha-and-vibhor/157-FRV_6479.jpg,https://frozenvibes.in/wp-content/gallery/vibhor-ayusha/FRV_6479.jpg,photos/ayusha-and-vibhor,1600,1065,317581
source/images/photos/ayusha-and-vibhor/158-FRV_6484.jpg,https://frozenvibes.in/wp-content/gallery/vibhor-ayusha/FRV_6484.jpg,photos/ayusha-and-vibhor,1600,1065,363268
source/images/photos/ayusha-and-vibhor/159-FRV_6495.jpg,https://frozenvibes.in/wp-content/gallery/vibhor-ayusha/FRV_6495.jpg,photos/ayusha-and-vibhor,1600,1065,321705
source/images/photos/ayusha-and-vibhor/160-FRV_6496.jpg,https://frozenvibes.in/wp-content/gallery/vibhor-ayusha/FRV_6496.jpg,photos/ayusha-and-vibhor,1600,1065,337139
source/images/photos/ayusha-and-vibhor/161-FRV_6497.jpg,https://frozenvibes.in/wp-content/gallery/vibhor-ayusha/FRV_6497.jpg,photos/ayusha-and-vibhor,1600,1065,339294
source/images/photos/ayusha-and-vibhor/162-FRV_6497-3.jpg,https://frozenvibes.in/wp-content/gallery/vibhor-ayusha/FRV_6497-3.jpg,photos/ayusha-and-vibhor,1600,1065,339294
source/images/photos/ayusha-and-vibhor/163-FRV_6501.jpg,https://frozenvibes.in/wp-content/gallery/vibhor-ayusha/FRV_6501.jpg,photos/ayusha-and-vibhor,1600,1065,346437
source/images/photos/ayusha-and-vibhor/164-FRV_6497-2.jpg,https://frozenvibes.in/wp-content/gallery/vibhor-ayusha/FRV_6497-2.jpg,photos/ayusha-and-vibhor,960,1200,217463
source/images/photos/ayusha-and-vibhor/165-FRV_6504.jpg,https://frozenvibes.in/wp-content/gallery/vibhor-ayusha/FRV_6504.jpg,photos/ayusha-and-vibhor,1600,1065,331501
source/images/photos/ayusha-and-vibhor/166-FRV_6507.jpg,https://frozenvibes.in/wp-content/gallery/vibhor-ayusha/FRV_6507.jpg,photos/ayusha-and-vibhor,1600,1065,346792
source/images/photos/ayusha-and-vibhor/167-FRV_6518.jpg,https://frozenvibes.in/wp-content/gallery/vibhor-ayusha/FRV_6518.jpg,photos/ayusha-and-vibhor,1600,1065,296684
source/images/photos/ayusha-and-vibhor/168-FRV_6524.jpg,https://frozenvibes.in/wp-content/gallery/vibhor-ayusha/FRV_6524.jpg,photos/ayusha-and-vibhor,1600,1065,301759
source/images/photos/ayusha-and-vibhor/169-FRV_6560.jpg,https://frozenvibes.in/wp-content/gallery/vibhor-ayusha/FRV_6560.jpg,photos/ayusha-and-vibhor,1600,1065,212355
source/images/photos/ayusha-and-vibhor/170-FRV_6536.jpg,https://frozenvibes.in/wp-content/gallery/vibhor-ayusha/FRV_6536.jpg,photos/ayusha-and-vibhor,1600,1065,257175
source/images/photos/ayusha-and-vibhor/171-FRV_6581.jpg,https://frozenvibes.in/wp-content/gallery/vibhor-ayusha/FRV_6581.jpg,photos/ayusha-and-vibhor,1600,1065,259534
source/images/photos/ayusha-and-vibhor/172-FRV_6586.jpg,https://frozenvibes.in/wp-content/gallery/vibhor-ayusha/FRV_6586.jpg,photos/ayusha-and-vibhor,1600,1065,241871
source/images/photos/ayusha-and-vibhor/173-FRV_6603.jpg,https://frozenvibes.in/wp-content/gallery/vibhor-ayusha/FRV_6603.jpg,photos/ayusha-and-vibhor,1600,1065,268090
source/images/photos/ayusha-and-vibhor/174-FRV_6612.jpg,https://frozenvibes.in/wp-content/gallery/vibhor-ayusha/FRV_6612.jpg,photos/ayusha-and-vibhor,1600,1065,252286
source/images/photos/ayusha-and-vibhor/175-FRV_6613.jpg,https://frozenvibes.in/wp-content/gallery/vibhor-ayusha/FRV_6613.jpg,photos/ayusha-and-vibhor,1600,1065,252284
source/images/photos/ayusha-and-vibhor/176-FRV_6609.jpg,https://frozenvibes.in/wp-content/gallery/vibhor-ayusha/FRV_6609.jpg,photos/ayusha-and-vibhor,1600,1065,268916
source/images/photos/ayusha-and-vibhor/177-FRV_6624.jpg,https://frozenvibes.in/wp-content/gallery/vibhor-ayusha/FRV_6624.jpg,photos/ayusha-and-vibhor,1600,1065,250374
source/images/photos/ayusha-and-vibhor/178-FRV_6646.jpg,https://frozenvibes.in/wp-content/gallery/vibhor-ayusha/FRV_6646.jpg,photos/ayusha-and-vibhor,1600,1065,255075
source/images/photos/ayusha-and-vibhor/179-FRV_6681.jpg,https://frozenvibes.in/wp-content/gallery/vibhor-ayusha/FRV_6681.jpg,photos/ayusha-and-vibhor,1600,1065,275688
source/images/photos/ayusha-and-vibhor/180-FRV_6739.jpg,https://frozenvibes.in/wp-content/gallery/vibhor-ayusha/FRV_6739.jpg,photos/ayusha-and-vibhor,1600,1065,235319
source/images/photos/ayusha-and-vibhor/181-FRV_6786-2.jpg,https://frozenvibes.in/wp-content/gallery/vibhor-ayusha/FRV_6786-2.jpg,photos/ayusha-and-vibhor,1600,1065,279661
source/images/photos/ayusha-and-vibhor/182-FRV_6786.jpg,https://frozenvibes.in/wp-content/gallery/vibhor-ayusha/FRV_6786.jpg,photos/ayusha-and-vibhor,960,1200,156898
source/images/photos/ayusha-and-vibhor/183-FRV_6799.jpg,https://frozenvibes.in/wp-content/gallery/vibhor-ayusha/FRV_6799.jpg,photos/ayusha-and-vibhor,1600,1065,207789
source/images/photos/ayusha-and-vibhor/184-FRV_6815.jpg,https://frozenvibes.in/wp-content/gallery/vibhor-ayusha/FRV_6815.jpg,photos/ayusha-and-vibhor,1600,1065,224293
source/images/photos/ayusha-and-vibhor/185-FRV_6822.jpg,https://frozenvibes.in/wp-content/gallery/vibhor-ayusha/FRV_6822.jpg,photos/ayusha-and-vibhor,1600,1065,208502
source/images/photos/ayusha-and-vibhor/186-FRV_6822-2.jpg,https://frozenvibes.in/wp-content/gallery/vibhor-ayusha/FRV_6822-2.jpg,photos/ayusha-and-vibhor,960,1200,183023
source/images/photos/ayusha-and-vibhor/187-FRV_6830.jpg,https://frozenvibes.in/wp-content/gallery/vibhor-ayusha/FRV_6830.jpg,photos/ayusha-and-vibhor,1600,1065,248344
source/images/photos/ayusha-and-vibhor/188-FRV_6864.jpg,https://frozenvibes.in/wp-content/gallery/vibhor-ayusha/FRV_6864.jpg,photos/ayusha-and-vibhor,798,1200,109103
source/images/photos/ayusha-and-vibhor/189-FRV_6864-2.jpg,https://frozenvibes.in/wp-content/gallery/vibhor-ayusha/FRV_6864-2.jpg,photos/ayusha-and-vibhor,960,1200,98700
source/images/photos/ayusha-and-vibhor/190-FRV_6915.jpg,https://frozenvibes.in/wp-content/gallery/vibhor-ayusha/FRV_6915.jpg,photos/ayusha-and-vibhor,1600,1065,222522
source/images/photos/ayusha-and-vibhor/191-FRV_6905.jpg,https://frozenvibes.in/wp-content/gallery/vibhor-ayusha/FRV_6905.jpg,photos/ayusha-and-vibhor,1600,1065,255844
source/images/photos/ayusha-and-vibhor/192-FRV_7102.jpg,https://frozenvibes.in/wp-content/gallery/vibhor-ayusha/FRV_7102.jpg,photos/ayusha-and-vibhor,1600,1065,269315
source/images/photos/ayusha-and-vibhor/193-FRV_7084.jpg,https://frozenvibes.in/wp-content/gallery/vibhor-ayusha/FRV_7084.jpg,photos/ayusha-and-vibhor,1600,1065,309630
source/images/photos/ayusha-and-vibhor/194-FRV_7100.jpg,https://frozenvibes.in/wp-content/gallery/vibhor-ayusha/FRV_7100.jpg,photos/ayusha-and-vibhor,1600,1065,276239
source/images/photos/ayusha-and-vibhor/195-FRV_7135.jpg,https://frozenvibes.in/wp-content/gallery/vibhor-ayusha/FRV_7135.jpg,photos/ayusha-and-vibhor,1600,1065,313998
source/images/photos/ayusha-and-vibhor/196-FRV_7182.jpg,https://frozenvibes.in/wp-content/gallery/vibhor-ayusha/FRV_7182.jpg,photos/ayusha-and-vibhor,1600,1065,254564
source/images/photos/ayusha-and-vibhor/197-FRV_7189.jpg,https://frozenvibes.in/wp-content/gallery/vibhor-ayusha/FRV_7189.jpg,photos/ayusha-and-vibhor,1600,1065,253180
source/images/photos/ayusha-and-vibhor/198-FRV_7200.jpg,https://frozenvibes.in/wp-content/gallery/vibhor-ayusha/FRV_7200.jpg,photos/ayusha-and-vibhor,1600,1065,211647
source/images/photos/ayusha-and-vibhor/199-FRV_7222.jpg,https://frozenvibes.in/wp-content/gallery/vibhor-ayusha/FRV_7222.jpg,photos/ayusha-and-vibhor,1600,1065,234115
source/images/photos/ayusha-and-vibhor/200-FRV_7230.jpg,https://frozenvibes.in/wp-content/gallery/vibhor-ayusha/FRV_7230.jpg,photos/ayusha-and-vibhor,1600,1065,347995
source/images/photos/ayusha-and-vibhor/201-FRV_7275.jpg,https://frozenvibes.in/wp-content/gallery/vibhor-ayusha/FRV_7275.jpg,photos/ayusha-and-vibhor,1600,1065,215796
source/images/photos/ayusha-and-vibhor/202-FRV_7260.jpg,https://frozenvibes.in/wp-content/gallery/vibhor-ayusha/FRV_7260.jpg,photos/ayusha-and-vibhor,1600,1065,217210
source/images/photos/ayusha-and-vibhor/203-FRV_7302.jpg,https://frozenvibes.in/wp-content/gallery/vibhor-ayusha/FRV_7302.jpg,photos/ayusha-and-vibhor,1600,1065,184136
source/images/photos/ayusha-and-vibhor/204-FRV_7313.jpg,https://frozenvibes.in/wp-content/gallery/vibhor-ayusha/FRV_7313.jpg,photos/ayusha-and-vibhor,1600,1065,220711
source/images/photos/ayusha-and-vibhor/205-FRV_7295.jpg,https://frozenvibes.in/wp-content/gallery/vibhor-ayusha/FRV_7295.jpg,photos/ayusha-and-vibhor,1600,1065,378295
source/images/photos/ayusha-and-vibhor/206-FRV_7295-2.jpg,https://frozenvibes.in/wp-content/gallery/vibhor-ayusha/FRV_7295-2.jpg,photos/ayusha-and-vibhor,1600,1065,378403
source/images/photos/ayusha-and-vibhor/207-FRV_7319.jpg,https://frozenvibes.in/wp-content/gallery/vibhor-ayusha/FRV_7319.jpg,photos/ayusha-and-vibhor,1600,1065,236790
source/images/photos/ayusha-and-vibhor/208-FRV_7324.jpg,https://frozenvibes.in/wp-content/gallery/vibhor-ayusha/FRV_7324.jpg,photos/ayusha-and-vibhor,1600,1065,245640
source/images/photos/ayusha-and-vibhor/209-FRV_7329.jpg,https://frozenvibes.in/wp-content/gallery/vibhor-ayusha/FRV_7329.jpg,photos/ayusha-and-vibhor,1600,1065,223165
source/images/photos/ayusha-and-vibhor/210-FRV_7333.jpg,https://frozenvibes.in/wp-content/gallery/vibhor-ayusha/FRV_7333.jpg,photos/ayusha-and-vibhor,1600,1065,249897
source/images/photos/ayusha-and-vibhor/211-FRV_7352.jpg,https://frozenvibes.in/wp-content/gallery/vibhor-ayusha/FRV_7352.jpg,photos/ayusha-and-vibhor,1600,1065,168128
source/images/photos/ayusha-and-vibhor/212-FRV_7343.jpg,https://frozenvibes.in/wp-content/gallery/vibhor-ayusha/FRV_7343.jpg,photos/ayusha-and-vibhor,1600,1065,239350
source/images/photos/ayusha-and-vibhor/213-FRV_7356.jpg,https://frozenvibes.in/wp-content/gallery/vibhor-ayusha/FRV_7356.jpg,photos/ayusha-and-vibhor,1600,1065,265180
source/images/photos/ayusha-and-vibhor/214-FRV_7385.jpg,https://frozenvibes.in/wp-content/gallery/vibhor-ayusha/FRV_7385.jpg,photos/ayusha-and-vibhor,1600,1065,125413
source/images/photos/ayusha-and-vibhor/215-FRV_7428.jpg,https://frozenvibes.in/wp-content/gallery/vibhor-ayusha/FRV_7428.jpg,photos/ayusha-and-vibhor,1600,1065,184763
source/images/photos/ayusha-and-vibhor/216-FRV_7512.jpg,https://frozenvibes.in/wp-content/gallery/vibhor-ayusha/FRV_7512.jpg,photos/ayusha-and-vibhor,1600,1065,344696
source/images/photos/ayusha-and-vibhor/217-FRV_7658.jpg,https://frozenvibes.in/wp-content/gallery/vibhor-ayusha/FRV_7658.jpg,photos/ayusha-and-vibhor,1600,1065,189737
source/images/photos/ayusha-and-vibhor/218-FRV_7530.jpg,https://frozenvibes.in/wp-content/gallery/vibhor-ayusha/FRV_7530.jpg,photos/ayusha-and-vibhor,798,1200,184409
source/images/photos/ayusha-and-vibhor/219-FRV_7615.jpg,https://frozenvibes.in/wp-content/gallery/vibhor-ayusha/FRV_7615.jpg,photos/ayusha-and-vibhor,1600,1065,287846
source/images/photos/ayusha-and-vibhor/220-FRV_7614.jpg,https://frozenvibes.in/wp-content/gallery/vibhor-ayusha/FRV_7614.jpg,photos/ayusha-and-vibhor,1600,1065,300211
source/images/photos/ayusha-and-vibhor/221-FRV_7562.jpg,https://frozenvibes.in/wp-content/gallery/vibhor-ayusha/FRV_7562.jpg,photos/ayusha-and-vibhor,1600,1065,440609
source/images/photos/ayusha-and-vibhor/222-FRV_7747.jpg,https://frozenvibes.in/wp-content/gallery/vibhor-ayusha/FRV_7747.jpg,photos/ayusha-and-vibhor,1600,1065,231488
source/images/photos/ayusha-and-vibhor/223-FRV_7715.jpg,https://frozenvibes.in/wp-content/gallery/vibhor-ayusha/FRV_7715.jpg,photos/ayusha-and-vibhor,1600,1065,213220
source/images/photos/ayusha-and-vibhor/224-FRV_7779.jpg,https://frozenvibes.in/wp-content/gallery/vibhor-ayusha/FRV_7779.jpg,photos/ayusha-and-vibhor,1600,1065,206422
source/images/photos/ayusha-and-vibhor/225-FRV_7761.jpg,https://frozenvibes.in/wp-content/gallery/vibhor-ayusha/FRV_7761.jpg,photos/ayusha-and-vibhor,1600,1065,217410
source/images/photos/ayusha-and-vibhor/226-FRV_7703.jpg,https://frozenvibes.in/wp-content/gallery/vibhor-ayusha/FRV_7703.jpg,photos/ayusha-and-vibhor,1600,1065,343582
source/images/photos/ayusha-and-vibhor/227-FRV_7784.jpg,https://frozenvibes.in/wp-content/gallery/vibhor-ayusha/FRV_7784.jpg,photos/ayusha-and-vibhor,1600,1065,212345
source/images/photos/ayusha-and-vibhor/228-FRV_7805.jpg,https://frozenvibes.in/wp-content/gallery/vibhor-ayusha/FRV_7805.jpg,photos/ayusha-and-vibhor,1600,1065,210576
source/images/photos/ayusha-and-vibhor/229-FRV_7823.jpg,https://frozenvibes.in/wp-content/gallery/vibhor-ayusha/FRV_7823.jpg,photos/ayusha-and-vibhor,1600,1065,195413
source/images/photos/ayusha-and-vibhor/230-FRV_8082.jpg,https://frozenvibes.in/wp-content/gallery/vibhor-ayusha/FRV_8082.jpg,photos/ayusha-and-vibhor,1600,1065,180987
source/images/photos/ayusha-and-vibhor/231-FRV_8151.jpg,https://frozenvibes.in/wp-content/gallery/vibhor-ayusha/FRV_8151.jpg,photos/ayusha-and-vibhor,1600,1065,202073
source/images/photos/ayusha-and-vibhor/232-FRV_8099.jpg,https://frozenvibes.in/wp-content/gallery/vibhor-ayusha/FRV_8099.jpg,photos/ayusha-and-vibhor,1600,1065,217681
source/images/photos/ayusha-and-vibhor/233-FRV_7854.jpg,https://frozenvibes.in/wp-content/gallery/vibhor-ayusha/FRV_7854.jpg,photos/ayusha-and-vibhor,798,1200,205570
source/images/photos/ayusha-and-vibhor/234-FRV_8290.jpg,https://frozenvibes.in/wp-content/gallery/vibhor-ayusha/FRV_8290.jpg,photos/ayusha-and-vibhor,1600,1065,260150
source/images/photos/ayusha-and-vibhor/235-FRV_8214.jpg,https://frozenvibes.in/wp-content/gallery/vibhor-ayusha/FRV_8214.jpg,photos/ayusha-and-vibhor,1600,1065,265250
source/images/photos/ayusha-and-vibhor/236-FRV_8348.jpg,https://frozenvibes.in/wp-content/gallery/vibhor-ayusha/FRV_8348.jpg,photos/ayusha-and-vibhor,1600,1065,346999
source/images/photos/ayusha-and-vibhor/237-FRV_8569.jpg,https://frozenvibes.in/wp-content/gallery/vibhor-ayusha/FRV_8569.jpg,photos/ayusha-and-vibhor,1600,1065,308114
source/images/photos/ayusha-and-vibhor/238-FRV_8467.jpg,https://frozenvibes.in/wp-content/gallery/vibhor-ayusha/FRV_8467.jpg,photos/ayusha-and-vibhor,1600,1065,418870
source/images/photos/ayusha-and-vibhor/239-FRV_8632.jpg,https://frozenvibes.in/wp-content/gallery/vibhor-ayusha/FRV_8632.jpg,photos/ayusha-and-vibhor,1600,1065,287541
source/images/photos/ayusha-and-vibhor/240-FRV_8659.jpg,https://frozenvibes.in/wp-content/gallery/vibhor-ayusha/FRV_8659.jpg,photos/ayusha-and-vibhor,1600,1065,212017
source/images/photos/ayusha-and-vibhor/241-FRV_8657.jpg,https://frozenvibes.in/wp-content/gallery/vibhor-ayusha/FRV_8657.jpg,photos/ayusha-and-vibhor,1600,1065,254418
source/images/photos/ayusha-and-vibhor/242-FRV_8750.jpg,https://frozenvibes.in/wp-content/gallery/vibhor-ayusha/FRV_8750.jpg,photos/ayusha-and-vibhor,1600,1065,218777
source/images/photos/ayusha-and-vibhor/243-FRV_8743.jpg,https://frozenvibes.in/wp-content/gallery/vibhor-ayusha/FRV_8743.jpg,photos/ayusha-and-vibhor,1600,1065,308600
source/images/photos/ayusha-and-vibhor/244-FRV_8811.jpg,https://frozenvibes.in/wp-content/gallery/vibhor-ayusha/FRV_8811.jpg,photos/ayusha-and-vibhor,1600,1065,288281
source/images/photos/ayusha-and-vibhor/245-FRV_8876.jpg,https://frozenvibes.in/wp-content/gallery/vibhor-ayusha/FRV_8876.jpg,photos/ayusha-and-vibhor,1600,1065,229609
source/images/photos/ayusha-and-vibhor/246-FRV_8884.jpg,https://frozenvibes.in/wp-content/gallery/vibhor-ayusha/FRV_8884.jpg,photos/ayusha-and-vibhor,1600,1065,254454
source/images/photos/ayusha-and-vibhor/247-FRV_9019.jpg,https://frozenvibes.in/wp-content/gallery/vibhor-ayusha/FRV_9019.jpg,photos/ayusha-and-vibhor,1600,1065,235019
source/images/photos/ayusha-and-vibhor/248-FRV_9035.jpg,https://frozenvibes.in/wp-content/gallery/vibhor-ayusha/FRV_9035.jpg,photos/ayusha-and-vibhor,1600,1065,358910
source/images/photos/ayusha-and-vibhor/249-FRV_9048.jpg,https://frozenvibes.in/wp-content/gallery/vibhor-ayusha/FRV_9048.jpg,photos/ayusha-and-vibhor,1600,1065,368622
source/images/photos/ayusha-and-vibhor/250-FRV_9062.jpg,https://frozenvibes.in/wp-content/gallery/vibhor-ayusha/FRV_9062.jpg,photos/ayusha-and-vibhor,1600,1065,435168
source/images/photos/ayusha-and-vibhor/251-FRV_9087.jpg,https://frozenvibes.in/wp-content/gallery/vibhor-ayusha/FRV_9087.jpg,photos/ayusha-and-vibhor,1600,1065,293275
source/images/photos/ayusha-and-vibhor/252-FRV_9146.jpg,https://frozenvibes.in/wp-content/gallery/vibhor-ayusha/FRV_9146.jpg,photos/ayusha-and-vibhor,1600,1065,279869
source/images/photos/ayusha-and-vibhor/253-FRV_9358.jpg,https://frozenvibes.in/wp-content/gallery/vibhor-ayusha/FRV_9358.jpg,photos/ayusha-and-vibhor,1600,1065,259203
source/images/photos/ayusha-and-vibhor/254-FRV_9412.jpg,https://frozenvibes.in/wp-content/gallery/vibhor-ayusha/FRV_9412.jpg,photos/ayusha-and-vibhor,1600,1065,372075
source/images/photos/ayusha-and-vibhor/255-FRV_9456.jpg,https://frozenvibes.in/wp-content/gallery/vibhor-ayusha/FRV_9456.jpg,photos/ayusha-and-vibhor,1600,1065,345836
source/images/photos/ayusha-and-vibhor/256-FRV_9599.jpg,https://frozenvibes.in/wp-content/gallery/vibhor-ayusha/FRV_9599.jpg,photos/ayusha-and-vibhor,1600,1065,308520
source/images/photos/ayusha-and-vibhor/257-FRV_9908.jpg,https://frozenvibes.in/wp-content/gallery/vibhor-ayusha/FRV_9908.jpg,photos/ayusha-and-vibhor,798,1200,145519
source/images/photos/ayusha-and-vibhor/258-FRV_9851.jpg,https://frozenvibes.in/wp-content/gallery/vibhor-ayusha/FRV_9851.jpg,photos/ayusha-and-vibhor,1600,1065,406715
source/images/photos/tanushka-and-siddhant/001-99A9115.jpg,https://frozenvibes.in/wp-content/gallery/anushka-and-siddhant/99A9115.jpg,photos/tanushka-and-siddhant,1600,1067,276378
source/images/photos/tanushka-and-siddhant/002-99A1534.jpg,https://frozenvibes.in/wp-content/gallery/anushka-and-siddhant/99A1534.jpg,photos/tanushka-and-siddhant,1600,1067,272248
source/images/photos/tanushka-and-siddhant/003-99A9138.jpg,https://frozenvibes.in/wp-content/gallery/anushka-and-siddhant/99A9138.jpg,photos/tanushka-and-siddhant,800,1200,175933
source/images/photos/tanushka-and-siddhant/004-99A9124.jpg,https://frozenvibes.in/wp-content/gallery/anushka-and-siddhant/99A9124.jpg,photos/tanushka-and-siddhant,1600,1067,375334
source/images/photos/tanushka-and-siddhant/005-99A9121.jpg,https://frozenvibes.in/wp-content/gallery/anushka-and-siddhant/99A9121.jpg,photos/tanushka-and-siddhant,1600,1067,389734
source/images/photos/tanushka-and-siddhant/006-99A9143.jpg,https://frozenvibes.in/wp-content/gallery/anushka-and-siddhant/99A9143.jpg,photos/tanushka-and-siddhant,1600,1067,381142
source/images/photos/tanushka-and-siddhant/007-99A9148.jpg,https://frozenvibes.in/wp-content/gallery/anushka-and-siddhant/99A9148.jpg,photos/tanushka-and-siddhant,1600,1067,387695
source/images/photos/tanushka-and-siddhant/008-99A9175.jpg,https://frozenvibes.in/wp-content/gallery/anushka-and-siddhant/99A9175.jpg,photos/tanushka-and-siddhant,1600,1067,378906
source/images/photos/tanushka-and-siddhant/009-99A9276.jpg,https://frozenvibes.in/wp-content/gallery/anushka-and-siddhant/99A9276.jpg,photos/tanushka-and-siddhant,800,1200,195782
source/images/photos/tanushka-and-siddhant/010-99A9836.jpg,https://frozenvibes.in/wp-content/gallery/anushka-and-siddhant/99A9836.jpg,photos/tanushka-and-siddhant,1600,1067,174158
source/images/photos/tanushka-and-siddhant/011-99A9828.jpg,https://frozenvibes.in/wp-content/gallery/anushka-and-siddhant/99A9828.jpg,photos/tanushka-and-siddhant,1600,1067,291218
source/images/photos/tanushka-and-siddhant/012-99A9851.jpg,https://frozenvibes.in/wp-content/gallery/anushka-and-siddhant/99A9851.jpg,photos/tanushka-and-siddhant,1600,1067,217135
source/images/photos/tanushka-and-siddhant/013-99A9888.jpg,https://frozenvibes.in/wp-content/gallery/anushka-and-siddhant/99A9888.jpg,photos/tanushka-and-siddhant,1600,1067,233953
source/images/photos/tanushka-and-siddhant/014-99A9823.jpg,https://frozenvibes.in/wp-content/gallery/anushka-and-siddhant/99A9823.jpg,photos/tanushka-and-siddhant,1600,1067,342187
source/images/photos/tanushka-and-siddhant/015-99A9399.jpg,https://frozenvibes.in/wp-content/gallery/anushka-and-siddhant/99A9399.jpg,photos/tanushka-and-siddhant,1600,1067,378656
source/images/photos/tanushka-and-siddhant/016-ABJ_4891.jpg,https://frozenvibes.in/wp-content/gallery/anushka-and-siddhant/ABJ_4891.jpg,photos/tanushka-and-siddhant,1600,1065,219536
source/images/photos/tanushka-and-siddhant/017-99A9892.jpg,https://frozenvibes.in/wp-content/gallery/anushka-and-siddhant/99A9892.jpg,photos/tanushka-and-siddhant,1600,1067,235665
source/images/photos/tanushka-and-siddhant/018-ABJ_4905.jpg,https://frozenvibes.in/wp-content/gallery/anushka-and-siddhant/ABJ_4905.jpg,photos/tanushka-and-siddhant,1600,1065,332462
source/images/photos/tanushka-and-siddhant/019-ABJ_4688.jpg,https://frozenvibes.in/wp-content/gallery/anushka-and-siddhant/ABJ_4688.jpg,photos/tanushka-and-siddhant,1600,1065,418613
source/images/photos/tanushka-and-siddhant/020-ABJ_4646.jpg,https://frozenvibes.in/wp-content/gallery/anushka-and-siddhant/ABJ_4646.jpg,photos/tanushka-and-siddhant,1600,1065,441351
source/images/photos/tanushka-and-siddhant/021-ABJ_4912.jpg,https://frozenvibes.in/wp-content/gallery/anushka-and-siddhant/ABJ_4912.jpg,photos/tanushka-and-siddhant,1600,1065,317242
source/images/photos/tanushka-and-siddhant/022-ABJ_4959.jpg,https://frozenvibes.in/wp-content/gallery/anushka-and-siddhant/ABJ_4959.jpg,photos/tanushka-and-siddhant,1600,1065,267788
source/images/photos/tanushka-and-siddhant/023-ABJ_4757.jpg,https://frozenvibes.in/wp-content/gallery/anushka-and-siddhant/ABJ_4757.jpg,photos/tanushka-and-siddhant,1600,1065,574026
source/images/photos/tanushka-and-siddhant/024-ABJ_4963.jpg,https://frozenvibes.in/wp-content/gallery/anushka-and-siddhant/ABJ_4963.jpg,photos/tanushka-and-siddhant,1600,1065,327826
source/images/photos/tanushka-and-siddhant/025-ABJ_5002.jpg,https://frozenvibes.in/wp-content/gallery/anushka-and-siddhant/ABJ_5002.jpg,photos/tanushka-and-siddhant,1600,1065,285723
source/images/photos/tanushka-and-siddhant/026-ABJ_4967.jpg,https://frozenvibes.in/wp-content/gallery/anushka-and-siddhant/ABJ_4967.jpg,photos/tanushka-and-siddhant,1600,1065,380641
source/images/photos/tanushka-and-siddhant/027-ABJ_5049.jpg,https://frozenvibes.in/wp-content/gallery/anushka-and-siddhant/ABJ_5049.jpg,photos/tanushka-and-siddhant,1600,1065,271986
source/images/photos/tanushka-and-siddhant/028-ABJ_5193-2.jpg,https://frozenvibes.in/wp-content/gallery/anushka-and-siddhant/ABJ_5193-2.jpg,photos/tanushka-and-siddhant,960,1200,203352
source/images/photos/tanushka-and-siddhant/029-ABJ_5193.jpg,https://frozenvibes.in/wp-content/gallery/anushka-and-siddhant/ABJ_5193.jpg,photos/tanushka-and-siddhant,1600,1065,373981
source/images/photos/tanushka-and-siddhant/030-ABJ_5179.jpg,https://frozenvibes.in/wp-content/gallery/anushka-and-siddhant/ABJ_5179.jpg,photos/tanushka-and-siddhant,1600,1065,465853
source/images/photos/tanushka-and-siddhant/031-ABJ_5115.jpg,https://frozenvibes.in/wp-content/gallery/anushka-and-siddhant/ABJ_5115.jpg,photos/tanushka-and-siddhant,1600,1065,451085
source/images/photos/tanushka-and-siddhant/032-ABJ_5117.jpg,https://frozenvibes.in/wp-content/gallery/anushka-and-siddhant/ABJ_5117.jpg,photos/tanushka-and-siddhant,1600,1065,439487
source/images/photos/tanushka-and-siddhant/033-ABJ_5120.jpg,https://frozenvibes.in/wp-content/gallery/anushka-and-siddhant/ABJ_5120.jpg,photos/tanushka-and-siddhant,1600,1065,463162
source/images/photos/tanushka-and-siddhant/034-ABJ_5204.jpg,https://frozenvibes.in/wp-content/gallery/anushka-and-siddhant/ABJ_5204.jpg,photos/tanushka-and-siddhant,1593,1200,429777
source/images/photos/tanushka-and-siddhant/035-ABJ_5307.jpg,https://frozenvibes.in/wp-content/gallery/anushka-and-siddhant/ABJ_5307.jpg,photos/tanushka-and-siddhant,1600,1065,258657
source/images/photos/tanushka-and-siddhant/036-ABJ_5332.jpg,https://frozenvibes.in/wp-content/gallery/anushka-and-siddhant/ABJ_5332.jpg,photos/tanushka-and-siddhant,1600,1065,304308
source/images/photos/tanushka-and-siddhant/037-ABJ_5367.jpg,https://frozenvibes.in/wp-content/gallery/anushka-and-siddhant/ABJ_5367.jpg,photos/tanushka-and-siddhant,1600,1065,190318
source/images/photos/tanushka-and-siddhant/038-ABJ_5374-2.jpg,https://frozenvibes.in/wp-content/gallery/anushka-and-siddhant/ABJ_5374-2.jpg,photos/tanushka-and-siddhant,861,1200,106581
source/images/photos/tanushka-and-siddhant/039-ABJ_5371.jpg,https://frozenvibes.in/wp-content/gallery/anushka-and-siddhant/ABJ_5371.jpg,photos/tanushka-and-siddhant,1600,1065,199533
source/images/photos/tanushka-and-siddhant/040-ABJ_5374.jpg,https://frozenvibes.in/wp-content/gallery/anushka-and-siddhant/ABJ_5374.jpg,photos/tanushka-and-siddhant,1600,1065,212658
source/images/photos/tanushka-and-siddhant/041-ABJ_5382.jpg,https://frozenvibes.in/wp-content/gallery/anushka-and-siddhant/ABJ_5382.jpg,photos/tanushka-and-siddhant,1600,1065,193564
source/images/photos/tanushka-and-siddhant/042-ABJ_6377.jpg,https://frozenvibes.in/wp-content/gallery/anushka-and-siddhant/ABJ_6377.jpg,photos/tanushka-and-siddhant,1600,1065,232448
source/images/photos/tanushka-and-siddhant/043-ABJ_5449.jpg,https://frozenvibes.in/wp-content/gallery/anushka-and-siddhant/ABJ_5449.jpg,photos/tanushka-and-siddhant,1600,1005,289637
source/images/photos/tanushka-and-siddhant/044-FRV_599.jpg,https://frozenvibes.in/wp-content/gallery/anushka-and-siddhant/FRV_599.jpg,photos/tanushka-and-siddhant,960,1200,183641
source/images/photos/tanushka-and-siddhant/045-FRV_3235.jpg,https://frozenvibes.in/wp-content/gallery/anushka-and-siddhant/FRV_3235.jpg,photos/tanushka-and-siddhant,1600,1065,379346
source/images/photos/tanushka-and-siddhant/046-FRV_2474.jpg,https://frozenvibes.in/wp-content/gallery/anushka-and-siddhant/FRV_2474.jpg,photos/tanushka-and-siddhant,960,1200,359556
source/images/photos/tanushka-and-siddhant/047-FRV_2497.jpg,https://frozenvibes.in/wp-content/gallery/anushka-and-siddhant/FRV_2497.jpg,photos/tanushka-and-siddhant,960,1200,333437
source/images/photos/tanushka-and-siddhant/048-FRV_3294.jpg,https://frozenvibes.in/wp-content/gallery/anushka-and-siddhant/FRV_3294.jpg,photos/tanushka-and-siddhant,1600,1065,352225
source/images/photos/tanushka-and-siddhant/049-FRV_3300.jpg,https://frozenvibes.in/wp-content/gallery/anushka-and-siddhant/FRV_3300.jpg,photos/tanushka-and-siddhant,1600,1065,330165
source/images/photos/tanushka-and-siddhant/050-FRV_2496.jpg,https://frozenvibes.in/wp-content/gallery/anushka-and-siddhant/FRV_2496.jpg,photos/tanushka-and-siddhant,960,1200,331484
source/images/photos/tanushka-and-siddhant/051-FRV_3305.jpg,https://frozenvibes.in/wp-content/gallery/anushka-and-siddhant/FRV_3305.jpg,photos/tanushka-and-siddhant,1600,1065,237849
source/images/photos/tanushka-and-siddhant/052-FRV_3344.jpg,https://frozenvibes.in/wp-content/gallery/anushka-and-siddhant/FRV_3344.jpg,photos/tanushka-and-siddhant,1600,1065,367396
source/images/photos/tanushka-and-siddhant/053-FRV_3612.jpg,https://frozenvibes.in/wp-content/gallery/anushka-and-siddhant/FRV_3612.jpg,photos/tanushka-and-siddhant,1600,1065,299398
source/images/photos/tanushka-and-siddhant/054-FRV_3353.jpg,https://frozenvibes.in/wp-content/gallery/anushka-and-siddhant/FRV_3353.jpg,photos/tanushka-and-siddhant,1600,1065,451799
source/images/photos/tanushka-and-siddhant/055-FRV_3373.jpg,https://frozenvibes.in/wp-content/gallery/anushka-and-siddhant/FRV_3373.jpg,photos/tanushka-and-siddhant,1600,1065,445609
source/images/photos/tanushka-and-siddhant/056-FRV_3393.jpg,https://frozenvibes.in/wp-content/gallery/anushka-and-siddhant/FRV_3393.jpg,photos/tanushka-and-siddhant,1600,1065,474328
source/images/photos/tanushka-and-siddhant/057-FRV_3770.jpg,https://frozenvibes.in/wp-content/gallery/anushka-and-siddhant/FRV_3770.jpg,photos/tanushka-and-siddhant,1600,1065,450159
source/images/photos/tanushka-and-siddhant/058-FRV_3771.jpg,https://frozenvibes.in/wp-content/gallery/anushka-and-siddhant/FRV_3771.jpg,photos/tanushka-and-siddhant,1600,1065,471802
source/images/photos/tanushka-and-siddhant/059-FRV_3818.jpg,https://frozenvibes.in/wp-content/gallery/anushka-and-siddhant/FRV_3818.jpg,photos/tanushka-and-siddhant,1600,1065,275406
source/images/photos/tanushka-and-siddhant/060-FRV_3864.jpg,https://frozenvibes.in/wp-content/gallery/anushka-and-siddhant/FRV_3864.jpg,photos/tanushka-and-siddhant,1600,1065,426993
source/images/photos/tanushka-and-siddhant/061-FRV_3864-2.jpg,https://frozenvibes.in/wp-content/gallery/anushka-and-siddhant/FRV_3864-2.jpg,photos/tanushka-and-siddhant,960,1200,250697
source/images/photos/tanushka-and-siddhant/062-FRV_4042.jpg,https://frozenvibes.in/wp-content/gallery/anushka-and-siddhant/FRV_4042.jpg,photos/tanushka-and-siddhant,1600,1065,201696
source/images/photos/tanushka-and-siddhant/063-FRV_4110.jpg,https://frozenvibes.in/wp-content/gallery/anushka-and-siddhant/FRV_4110.jpg,photos/tanushka-and-siddhant,1600,1065,228656
source/images/photos/tanushka-and-siddhant/064-FRV_4016.jpg,https://frozenvibes.in/wp-content/gallery/anushka-and-siddhant/FRV_4016.jpg,photos/tanushka-and-siddhant,1600,1065,366539
source/images/photos/tanushka-and-siddhant/065-FRV_4106.jpg,https://frozenvibes.in/wp-content/gallery/anushka-and-siddhant/FRV_4106.jpg,photos/tanushka-and-siddhant,1600,1065,397976
source/images/photos/tanushka-and-siddhant/066-FRV_4166.jpg,https://frozenvibes.in/wp-content/gallery/anushka-and-siddhant/FRV_4166.jpg,photos/tanushka-and-siddhant,1600,1065,401133
source/images/photos/tanushka-and-siddhant/067-FRV_4172.jpg,https://frozenvibes.in/wp-content/gallery/anushka-and-siddhant/FRV_4172.jpg,photos/tanushka-and-siddhant,1600,1065,284135
source/images/photos/tanushka-and-siddhant/068-FRV_4180.jpg,https://frozenvibes.in/wp-content/gallery/anushka-and-siddhant/FRV_4180.jpg,photos/tanushka-and-siddhant,1600,1065,374881
source/images/photos/tanushka-and-siddhant/069-FRV_4275.jpg,https://frozenvibes.in/wp-content/gallery/anushka-and-siddhant/FRV_4275.jpg,photos/tanushka-and-siddhant,798,1200,148267
source/images/photos/tanushka-and-siddhant/070-FRV_4283.jpg,https://frozenvibes.in/wp-content/gallery/anushka-and-siddhant/FRV_4283.jpg,photos/tanushka-and-siddhant,1600,1065,290665
source/images/photos/tanushka-and-siddhant/071-FRV_4307.jpg,https://frozenvibes.in/wp-content/gallery/anushka-and-siddhant/FRV_4307.jpg,photos/tanushka-and-siddhant,798,1200,174507
source/images/photos/tanushka-and-siddhant/072-FRV_4424.jpg,https://frozenvibes.in/wp-content/gallery/anushka-and-siddhant/FRV_4424.jpg,photos/tanushka-and-siddhant,798,1200,154969
source/images/photos/tanushka-and-siddhant/073-FRV_4428.jpg,https://frozenvibes.in/wp-content/gallery/anushka-and-siddhant/FRV_4428.jpg,photos/tanushka-and-siddhant,798,1200,120660
source/images/photos/tanushka-and-siddhant/074-FRV_5049.jpg,https://frozenvibes.in/wp-content/gallery/anushka-and-siddhant/FRV_5049.jpg,photos/tanushka-and-siddhant,798,1200,141809
source/images/photos/tanushka-and-siddhant/075-FRV_5305.jpg,https://frozenvibes.in/wp-content/gallery/anushka-and-siddhant/FRV_5305.jpg,photos/tanushka-and-siddhant,798,1200,112715
source/images/photos/tanushka-and-siddhant/076-FRV_5150.jpg,https://frozenvibes.in/wp-content/gallery/anushka-and-siddhant/FRV_5150.jpg,photos/tanushka-and-siddhant,798,1200,141469
source/images/photos/tanushka-and-siddhant/077-FRV_5390.jpg,https://frozenvibes.in/wp-content/gallery/anushka-and-siddhant/FRV_5390.jpg,photos/tanushka-and-siddhant,798,1200,210610
source/images/photos/tanushka-and-siddhant/078-FRV_5434.jpg,https://frozenvibes.in/wp-content/gallery/anushka-and-siddhant/FRV_5434.jpg,photos/tanushka-and-siddhant,798,1200,208386
source/images/photos/tanushka-and-siddhant/079-FRV_5418.jpg,https://frozenvibes.in/wp-content/gallery/anushka-and-siddhant/FRV_5418.jpg,photos/tanushka-and-siddhant,1600,1065,427333
source/images/photos/tanushka-and-siddhant/080-FRV_5431.jpg,https://frozenvibes.in/wp-content/gallery/anushka-and-siddhant/FRV_5431.jpg,photos/tanushka-and-siddhant,799,1200,203003
source/images/photos/tanushka-and-siddhant/081-FRV_5434-2.jpg,https://frozenvibes.in/wp-content/gallery/anushka-and-siddhant/FRV_5434-2.jpg,photos/tanushka-and-siddhant,798,1200,231754
source/images/photos/tanushka-and-siddhant/082-FRV_5437.jpg,https://frozenvibes.in/wp-content/gallery/anushka-and-siddhant/FRV_5437.jpg,photos/tanushka-and-siddhant,798,1200,202841
source/images/photos/tanushka-and-siddhant/083-FRV_5434-2-2.jpg,https://frozenvibes.in/wp-content/gallery/anushka-and-siddhant/FRV_5434-2-2.jpg,photos/tanushka-and-siddhant,960,1200,261455
source/images/photos/tanushka-and-siddhant/084-FRV_5786.jpg,https://frozenvibes.in/wp-content/gallery/anushka-and-siddhant/FRV_5786.jpg,photos/tanushka-and-siddhant,1600,1065,198993
source/images/photos/tanushka-and-siddhant/085-FRV_5805.jpg,https://frozenvibes.in/wp-content/gallery/anushka-and-siddhant/FRV_5805.jpg,photos/tanushka-and-siddhant,1600,1065,238808
source/images/photos/tanushka-and-siddhant/086-FRV_5791.jpg,https://frozenvibes.in/wp-content/gallery/anushka-and-siddhant/FRV_5791.jpg,photos/tanushka-and-siddhant,1600,1065,299506
source/images/photos/tanushka-and-siddhant/087-FRV_5811.jpg,https://frozenvibes.in/wp-content/gallery/anushka-and-siddhant/FRV_5811.jpg,photos/tanushka-and-siddhant,1600,1065,253099
source/images/photos/tanushka-and-siddhant/088-FRV_5836.jpg,https://frozenvibes.in/wp-content/gallery/anushka-and-siddhant/FRV_5836.jpg,photos/tanushka-and-siddhant,1600,1065,209314
source/images/photos/tanushka-and-siddhant/089-FRV_5868.jpg,https://frozenvibes.in/wp-content/gallery/anushka-and-siddhant/FRV_5868.jpg,photos/tanushka-and-siddhant,1600,1065,401578
source/images/photos/tanushka-and-siddhant/090-FRV_5892.jpg,https://frozenvibes.in/wp-content/gallery/anushka-and-siddhant/FRV_5892.jpg,photos/tanushka-and-siddhant,1600,1065,304364
source/images/photos/tanushka-and-siddhant/091-FRV_5902.jpg,https://frozenvibes.in/wp-content/gallery/anushka-and-siddhant/FRV_5902.jpg,photos/tanushka-and-siddhant,1600,1065,250216
source/images/photos/tanushka-and-siddhant/092-FRV_5959.jpg,https://frozenvibes.in/wp-content/gallery/anushka-and-siddhant/FRV_5959.jpg,photos/tanushka-and-siddhant,1600,1065,175814
source/images/photos/tanushka-and-siddhant/093-FRV_5955.jpg,https://frozenvibes.in/wp-content/gallery/anushka-and-siddhant/FRV_5955.jpg,photos/tanushka-and-siddhant,1600,1065,178752
source/images/photos/tanushka-and-siddhant/094-FRV_5997.jpg,https://frozenvibes.in/wp-content/gallery/anushka-and-siddhant/FRV_5997.jpg,photos/tanushka-and-siddhant,1600,1065,304730
source/images/photos/tanushka-and-siddhant/095-FRV_5989.jpg,https://frozenvibes.in/wp-content/gallery/anushka-and-siddhant/FRV_5989.jpg,photos/tanushka-and-siddhant,1600,1065,369359
source/images/photos/tanushka-and-siddhant/096-FRV_5996.jpg,https://frozenvibes.in/wp-content/gallery/anushka-and-siddhant/FRV_5996.jpg,photos/tanushka-and-siddhant,1600,1065,322166
source/images/photos/tanushka-and-siddhant/097-FRV_6018.jpg,https://frozenvibes.in/wp-content/gallery/anushka-and-siddhant/FRV_6018.jpg,photos/tanushka-and-siddhant,1600,1065,277157
source/images/photos/tanushka-and-siddhant/098-FRV_6031.jpg,https://frozenvibes.in/wp-content/gallery/anushka-and-siddhant/FRV_6031.jpg,photos/tanushka-and-siddhant,1600,1065,275737
source/images/photos/tanushka-and-siddhant/099-FRV_6099.jpg,https://frozenvibes.in/wp-content/gallery/anushka-and-siddhant/FRV_6099.jpg,photos/tanushka-and-siddhant,1600,1065,275987
source/images/photos/tanushka-and-siddhant/100-FRV_6248.jpg,https://frozenvibes.in/wp-content/gallery/anushka-and-siddhant/FRV_6248.jpg,photos/tanushka-and-siddhant,1600,1065,129663
source/images/photos/tanushka-and-siddhant/101-FRV_6210.jpg,https://frozenvibes.in/wp-content/gallery/anushka-and-siddhant/FRV_6210.jpg,photos/tanushka-and-siddhant,798,1200,100586
source/images/photos/tanushka-and-siddhant/102-FRV_6116.jpg,https://frozenvibes.in/wp-content/gallery/anushka-and-siddhant/FRV_6116.jpg,photos/tanushka-and-siddhant,1600,1065,283425
source/images/photos/tanushka-and-siddhant/103-FRV_6391.jpg,https://frozenvibes.in/wp-content/gallery/anushka-and-siddhant/FRV_6391.jpg,photos/tanushka-and-siddhant,1600,1065,210605
source/images/photos/tanushka-and-siddhant/104-FRV_6396.jpg,https://frozenvibes.in/wp-content/gallery/anushka-and-siddhant/FRV_6396.jpg,photos/tanushka-and-siddhant,1600,1065,198965
source/images/photos/tanushka-and-siddhant/105-FRV_6498.jpg,https://frozenvibes.in/wp-content/gallery/anushka-and-siddhant/FRV_6498.jpg,photos/tanushka-and-siddhant,1600,1065,203988
source/images/photos/tanushka-and-siddhant/106-FRV_6502.jpg,https://frozenvibes.in/wp-content/gallery/anushka-and-siddhant/FRV_6502.jpg,photos/tanushka-and-siddhant,1600,1065,201533
source/images/photos/tanushka-and-siddhant/107-FRV_6506.jpg,https://frozenvibes.in/wp-content/gallery/anushka-and-siddhant/FRV_6506.jpg,photos/tanushka-and-siddhant,1600,1065,219260
source/images/photos/tanushka-and-siddhant/108-FRV_6507.jpg,https://frozenvibes.in/wp-content/gallery/anushka-and-siddhant/FRV_6507.jpg,photos/tanushka-and-siddhant,1600,1065,175743
source/images/photos/tanushka-and-siddhant/109-Untitled-5.jpg,https://frozenvibes.in/wp-content/gallery/anushka-and-siddhant/Untitled-5.jpg,photos/tanushka-and-siddhant,960,1200,229924
source/images/photos/tanushka-and-siddhant/110-Untitled-8.jpg,https://frozenvibes.in/wp-content/gallery/anushka-and-siddhant/Untitled-8.jpg,photos/tanushka-and-siddhant,960,1200,318047
source/images/photos/tanushka-and-siddhant/111-Untitled-9.jpg,https://frozenvibes.in/wp-content/gallery/anushka-and-siddhant/Untitled-9.jpg,photos/tanushka-and-siddhant,960,1200,299636
source/images/photos/tanushka-and-siddhant/112-Untitled-13.jpg,https://frozenvibes.in/wp-content/gallery/anushka-and-siddhant/Untitled-13.jpg,photos/tanushka-and-siddhant,960,1200,223364
source/images/photos/shikha-and-rushabh/001-DSC_0695.jpg,https://frozenvibes.in/wp-content/gallery/shikha-and-rushab/DSC_0695.jpg,photos/shikha-and-rushabh,1600,1065,228261
source/images/photos/shikha-and-rushabh/002-DSC_1333.jpg,https://frozenvibes.in/wp-content/gallery/shikha-and-rushab/DSC_1333.jpg,photos/shikha-and-rushabh,1600,1065,259781
source/images/photos/shikha-and-rushabh/003-FRV_0358.jpg,https://frozenvibes.in/wp-content/gallery/shikha-and-rushab/FRV_0358.jpg,photos/shikha-and-rushabh,1600,1065,319648
source/images/photos/shikha-and-rushabh/004-DSC_1003.jpg,https://frozenvibes.in/wp-content/gallery/shikha-and-rushab/DSC_1003.jpg,photos/shikha-and-rushabh,1600,1065,303680
source/images/photos/shikha-and-rushabh/005-DSC_0746.jpg,https://frozenvibes.in/wp-content/gallery/shikha-and-rushab/DSC_0746.jpg,photos/shikha-and-rushabh,1600,1065,440762
source/images/photos/shikha-and-rushabh/006-DSC_0992.jpg,https://frozenvibes.in/wp-content/gallery/shikha-and-rushab/DSC_0992.jpg,photos/shikha-and-rushabh,1600,1065,368808
source/images/photos/shikha-and-rushabh/007-FRV_873.jpg,https://frozenvibes.in/wp-content/gallery/shikha-and-rushab/FRV_873.jpg,photos/shikha-and-rushabh,960,1200,140616
source/images/photos/shikha-and-rushabh/008-FRV_0971.jpg,https://frozenvibes.in/wp-content/gallery/shikha-and-rushab/FRV_0971.jpg,photos/shikha-and-rushabh,1600,1065,342096
source/images/photos/shikha-and-rushabh/009-FRV_0971copy.jpg,https://frozenvibes.in/wp-content/gallery/shikha-and-rushab/FRV_0971copy.jpg,photos/shikha-and-rushabh,960,1200,199515
source/images/photos/shikha-and-rushabh/010-FRV_1175.jpg,https://frozenvibes.in/wp-content/gallery/shikha-and-rushab/FRV_1175.jpg,photos/shikha-and-rushabh,1600,1065,200408
source/images/photos/shikha-and-rushabh/011-FRV_1082.jpg,https://frozenvibes.in/wp-content/gallery/shikha-and-rushab/FRV_1082.jpg,photos/shikha-and-rushabh,1600,1065,223953
source/images/photos/shikha-and-rushabh/012-FRV_1209.jpg,https://frozenvibes.in/wp-content/gallery/shikha-and-rushab/FRV_1209.jpg,photos/shikha-and-rushabh,798,1200,136982
source/images/photos/shikha-and-rushabh/013-FRV_1196.jpg,https://frozenvibes.in/wp-content/gallery/shikha-and-rushab/FRV_1196.jpg,photos/shikha-and-rushabh,798,1200,154885
source/images/photos/shikha-and-rushabh/014-FRV_1270copy.jpg,https://frozenvibes.in/wp-content/gallery/shikha-and-rushab/FRV_1270copy.jpg,photos/shikha-and-rushabh,960,1200,208578
source/images/photos/shikha-and-rushabh/015-FRV_1280.jpg,https://frozenvibes.in/wp-content/gallery/shikha-and-rushab/FRV_1280.jpg,photos/shikha-and-rushabh,798,1200,179383
source/images/photos/shikha-and-rushabh/016-FRV_1308.jpg,https://frozenvibes.in/wp-content/gallery/shikha-and-rushab/FRV_1308.jpg,photos/shikha-and-rushabh,1600,1065,320949
source/images/photos/shikha-and-rushabh/017-FRV_1326.jpg,https://frozenvibes.in/wp-content/gallery/shikha-and-rushab/FRV_1326.jpg,photos/shikha-and-rushabh,1600,1065,239770
source/images/photos/shikha-and-rushabh/018-FRV_1339.jpg,https://frozenvibes.in/wp-content/gallery/shikha-and-rushab/FRV_1339.jpg,photos/shikha-and-rushabh,1600,1065,268428
source/images/photos/shikha-and-rushabh/019-FRV_1282copy2.jpg,https://frozenvibes.in/wp-content/gallery/shikha-and-rushab/FRV_1282copy2.jpg,photos/shikha-and-rushabh,960,1200,239140
source/images/photos/shikha-and-rushabh/020-FRV_1380.jpg,https://frozenvibes.in/wp-content/gallery/shikha-and-rushab/FRV_1380.jpg,photos/shikha-and-rushabh,1600,1065,254748
source/images/photos/shikha-and-rushabh/021-FRV_1349.jpg,https://frozenvibes.in/wp-content/gallery/shikha-and-rushab/FRV_1349.jpg,photos/shikha-and-rushabh,1600,1065,273246
source/images/photos/shikha-and-rushabh/022-FRV_1402.jpg,https://frozenvibes.in/wp-content/gallery/shikha-and-rushab/FRV_1402.jpg,photos/shikha-and-rushabh,1600,1065,239908
source/images/photos/shikha-and-rushabh/023-FRV_1518.jpg,https://frozenvibes.in/wp-content/gallery/shikha-and-rushab/FRV_1518.jpg,photos/shikha-and-rushabh,1600,1065,186236
source/images/photos/shikha-and-rushabh/024-FRV_1554.jpg,https://frozenvibes.in/wp-content/gallery/shikha-and-rushab/FRV_1554.jpg,photos/shikha-and-rushabh,1600,1065,176961
source/images/photos/shikha-and-rushabh/025-FRV_1606.jpg,https://frozenvibes.in/wp-content/gallery/shikha-and-rushab/FRV_1606.jpg,photos/shikha-and-rushabh,1600,1065,279439
source/images/photos/shikha-and-rushabh/026-FRV_1639.jpg,https://frozenvibes.in/wp-content/gallery/shikha-and-rushab/FRV_1639.jpg,photos/shikha-and-rushabh,1600,1065,292768
source/images/photos/shikha-and-rushabh/027-FRV_1669.jpg,https://frozenvibes.in/wp-content/gallery/shikha-and-rushab/FRV_1669.jpg,photos/shikha-and-rushabh,1600,1065,349257
source/images/photos/shikha-and-rushabh/028-FRV_1719.jpg,https://frozenvibes.in/wp-content/gallery/shikha-and-rushab/FRV_1719.jpg,photos/shikha-and-rushabh,1600,1065,273973
source/images/photos/shikha-and-rushabh/029-FRV_1802.jpg,https://frozenvibes.in/wp-content/gallery/shikha-and-rushab/FRV_1802.jpg,photos/shikha-and-rushabh,1600,1065,201857
source/images/photos/shikha-and-rushabh/030-FRV_1775.jpg,https://frozenvibes.in/wp-content/gallery/shikha-and-rushab/FRV_1775.jpg,photos/shikha-and-rushabh,1600,1065,262434
source/images/photos/shikha-and-rushabh/031-FRV_1807.jpg,https://frozenvibes.in/wp-content/gallery/shikha-and-rushab/FRV_1807.jpg,photos/shikha-and-rushabh,1600,1065,201599
source/images/photos/shikha-and-rushabh/032-FRV_1855.jpg,https://frozenvibes.in/wp-content/gallery/shikha-and-rushab/FRV_1855.jpg,photos/shikha-and-rushabh,1600,1065,245164
source/images/photos/shikha-and-rushabh/033-FRV_1866.jpg,https://frozenvibes.in/wp-content/gallery/shikha-and-rushab/FRV_1866.jpg,photos/shikha-and-rushabh,1600,1065,105327
source/images/photos/shikha-and-rushabh/034-FRV_1876.jpg,https://frozenvibes.in/wp-content/gallery/shikha-and-rushab/FRV_1876.jpg,photos/shikha-and-rushabh,1600,1065,264349
source/images/photos/shikha-and-rushabh/035-FRV_1888.jpg,https://frozenvibes.in/wp-content/gallery/shikha-and-rushab/FRV_1888.jpg,photos/shikha-and-rushabh,1600,1065,313944
source/images/photos/shikha-and-rushabh/036-FRV_1890.jpg,https://frozenvibes.in/wp-content/gallery/shikha-and-rushab/FRV_1890.jpg,photos/shikha-and-rushabh,1600,1065,336817
source/images/photos/shikha-and-rushabh/037-FRV_1949.jpg,https://frozenvibes.in/wp-content/gallery/shikha-and-rushab/FRV_1949.jpg,photos/shikha-and-rushabh,1600,1065,288703
source/images/photos/shikha-and-rushabh/038-FRV_1951.jpg,https://frozenvibes.in/wp-content/gallery/shikha-and-rushab/FRV_1951.jpg,photos/shikha-and-rushabh,1600,1065,173129
source/images/photos/shikha-and-rushabh/039-FRV_1976.jpg,https://frozenvibes.in/wp-content/gallery/shikha-and-rushab/FRV_1976.jpg,photos/shikha-and-rushabh,798,1200,169087
source/images/photos/shikha-and-rushabh/040-FRV_1992.jpg,https://frozenvibes.in/wp-content/gallery/shikha-and-rushab/FRV_1992.jpg,photos/shikha-and-rushabh,798,1200,132947
source/images/photos/shikha-and-rushabh/041-FRV_1998.jpg,https://frozenvibes.in/wp-content/gallery/shikha-and-rushab/FRV_1998.jpg,photos/shikha-and-rushabh,798,1200,143052
source/images/photos/shikha-and-rushabh/042-FRV_2009.jpg,https://frozenvibes.in/wp-content/gallery/shikha-and-rushab/FRV_2009.jpg,photos/shikha-and-rushabh,798,1200,154971
source/images/photos/shikha-and-rushabh/043-FRV_2038.jpg,https://frozenvibes.in/wp-content/gallery/shikha-and-rushab/FRV_2038.jpg,photos/shikha-and-rushabh,798,1200,127967
source/images/photos/shikha-and-rushabh/044-FRV_2033.jpg,https://frozenvibes.in/wp-content/gallery/shikha-and-rushab/FRV_2033.jpg,photos/shikha-and-rushabh,876,1200,158731
source/images/photos/shikha-and-rushabh/045-FRV_2094.jpg,https://frozenvibes.in/wp-content/gallery/shikha-and-rushab/FRV_2094.jpg,photos/shikha-and-rushabh,1600,1065,266894
source/images/photos/shikha-and-rushabh/046-FRV_2097.jpg,https://frozenvibes.in/wp-content/gallery/shikha-and-rushab/FRV_2097.jpg,photos/shikha-and-rushabh,1600,1065,273504
source/images/photos/shikha-and-rushabh/047-FRV_2164.jpg,https://frozenvibes.in/wp-content/gallery/shikha-and-rushab/FRV_2164.jpg,photos/shikha-and-rushabh,1600,1065,240708
source/images/photos/shikha-and-rushabh/048-FRV_2233.jpg,https://frozenvibes.in/wp-content/gallery/shikha-and-rushab/FRV_2233.jpg,photos/shikha-and-rushabh,1600,1065,325436
source/images/photos/shikha-and-rushabh/049-FRV_2270.jpg,https://frozenvibes.in/wp-content/gallery/shikha-and-rushab/FRV_2270.jpg,photos/shikha-and-rushabh,1600,1065,230858
source/images/photos/shikha-and-rushabh/050-FRV_2334.jpg,https://frozenvibes.in/wp-content/gallery/shikha-and-rushab/FRV_2334.jpg,photos/shikha-and-rushabh,1600,1065,148225
source/images/photos/shikha-and-rushabh/051-FRV_2510.jpg,https://frozenvibes.in/wp-content/gallery/shikha-and-rushab/FRV_2510.jpg,photos/shikha-and-rushabh,1600,1065,201870
source/images/photos/shikha-and-rushabh/052-FRV_2546.jpg,https://frozenvibes.in/wp-content/gallery/shikha-and-rushab/FRV_2546.jpg,photos/shikha-and-rushabh,1600,1065,122355
source/images/photos/shikha-and-rushabh/053-FRV_2515.jpg,https://frozenvibes.in/wp-content/gallery/shikha-and-rushab/FRV_2515.jpg,photos/shikha-and-rushabh,1600,1065,192966
source/images/photos/shikha-and-rushabh/054-FRV_2535.jpg,https://frozenvibes.in/wp-content/gallery/shikha-and-rushab/FRV_2535.jpg,photos/shikha-and-rushabh,1600,1065,245816
source/images/photos/shikha-and-rushabh/055-FRV_2555.jpg,https://frozenvibes.in/wp-content/gallery/shikha-and-rushab/FRV_2555.jpg,photos/shikha-and-rushabh,1600,1065,283876
source/images/photos/shikha-and-rushabh/056-FRV_2591.jpg,https://frozenvibes.in/wp-content/gallery/shikha-and-rushab/FRV_2591.jpg,photos/shikha-and-rushabh,1600,1065,300359
source/images/photos/shikha-and-rushabh/057-FRV_2805.jpg,https://frozenvibes.in/wp-content/gallery/shikha-and-rushab/FRV_2805.jpg,photos/shikha-and-rushabh,798,1200,65920
source/images/photos/shikha-and-rushabh/058-FRV_2795.jpg,https://frozenvibes.in/wp-content/gallery/shikha-and-rushab/FRV_2795.jpg,photos/shikha-and-rushabh,798,1200,124849
source/images/photos/shikha-and-rushabh/059-FRV_2683.jpg,https://frozenvibes.in/wp-content/gallery/shikha-and-rushab/FRV_2683.jpg,photos/shikha-and-rushabh,1600,1065,343955
source/images/photos/shikha-and-rushabh/060-FRV_2825.jpg,https://frozenvibes.in/wp-content/gallery/shikha-and-rushab/FRV_2825.jpg,photos/shikha-and-rushabh,798,1200,63513
source/images/photos/shikha-and-rushabh/061-FRV_2856.jpg,https://frozenvibes.in/wp-content/gallery/shikha-and-rushab/FRV_2856.jpg,photos/shikha-and-rushabh,1600,1065,224203
source/images/photos/shikha-and-rushabh/062-FRV_2988.jpg,https://frozenvibes.in/wp-content/gallery/shikha-and-rushab/FRV_2988.jpg,photos/shikha-and-rushabh,1600,1065,441845
source/images/photos/shikha-and-rushabh/063-FRV_2993.jpg,https://frozenvibes.in/wp-content/gallery/shikha-and-rushab/FRV_2993.jpg,photos/shikha-and-rushabh,1600,1065,396434
source/images/photos/shikha-and-rushabh/064-FRV_3113.jpg,https://frozenvibes.in/wp-content/gallery/shikha-and-rushab/FRV_3113.jpg,photos/shikha-and-rushabh,798,1200,185551
source/images/photos/shikha-and-rushabh/065-FRV_3139.jpg,https://frozenvibes.in/wp-content/gallery/shikha-and-rushab/FRV_3139.jpg,photos/shikha-and-rushabh,1600,1065,201953
source/images/photos/shikha-and-rushabh/066-FRV_3169.jpg,https://frozenvibes.in/wp-content/gallery/shikha-and-rushab/FRV_3169.jpg,photos/shikha-and-rushabh,798,1200,112819
source/images/photos/shikha-and-rushabh/067-FRV_3177.jpg,https://frozenvibes.in/wp-content/gallery/shikha-and-rushab/FRV_3177.jpg,photos/shikha-and-rushabh,798,1200,139551
source/images/photos/shikha-and-rushabh/068-FRV_3215.jpg,https://frozenvibes.in/wp-content/gallery/shikha-and-rushab/FRV_3215.jpg,photos/shikha-and-rushabh,1600,1065,385640
source/images/photos/shikha-and-rushabh/069-FRV_3298.jpg,https://frozenvibes.in/wp-content/gallery/shikha-and-rushab/FRV_3298.jpg,photos/shikha-and-rushabh,1600,1065,399837
source/images/photos/shikha-and-rushabh/070-FRV_6191.jpg,https://frozenvibes.in/wp-content/gallery/shikha-and-rushab/FRV_6191.jpg,photos/shikha-and-rushabh,1600,1065,235062
source/images/photos/shikha-and-rushabh/071-FRV_3316.jpg,https://frozenvibes.in/wp-content/gallery/shikha-and-rushab/FRV_3316.jpg,photos/shikha-and-rushabh,1600,1065,358476
source/images/photos/shikha-and-rushabh/072-FRV_6198.jpg,https://frozenvibes.in/wp-content/gallery/shikha-and-rushab/FRV_6198.jpg,photos/shikha-and-rushabh,1600,1065,170512
source/images/photos/shikha-and-rushabh/073-FRV_6247.jpg,https://frozenvibes.in/wp-content/gallery/shikha-and-rushab/FRV_6247.jpg,photos/shikha-and-rushabh,1600,1065,177102
source/images/photos/shikha-and-rushabh/074-FRV_6405.jpg,https://frozenvibes.in/wp-content/gallery/shikha-and-rushab/FRV_6405.jpg,photos/shikha-and-rushabh,1600,1065,291778
source/images/photos/shikha-and-rushabh/075-FRV_6767.jpg,https://frozenvibes.in/wp-content/gallery/shikha-and-rushab/FRV_6767.jpg,photos/shikha-and-rushabh,798,1200,226665
source/images/photos/shikha-and-rushabh/076-FRV_6778.jpg,https://frozenvibes.in/wp-content/gallery/shikha-and-rushab/FRV_6778.jpg,photos/shikha-and-rushabh,960,1200,224094
source/images/photos/shikha-and-rushabh/077-FRV_7477.jpg,https://frozenvibes.in/wp-content/gallery/shikha-and-rushab/FRV_7477.jpg,photos/shikha-and-rushabh,1600,1065,203815
source/images/photos/shikha-and-rushabh/078-FRV_7184.jpg,https://frozenvibes.in/wp-content/gallery/shikha-and-rushab/FRV_7184.jpg,photos/shikha-and-rushabh,1600,1065,268980
source/images/photos/shikha-and-rushabh/079-FRV_6821.jpg,https://frozenvibes.in/wp-content/gallery/shikha-and-rushab/FRV_6821.jpg,photos/shikha-and-rushabh,798,1200,225921
source/images/photos/shikha-and-rushabh/080-FRV_6821copy2.jpg,https://frozenvibes.in/wp-content/gallery/shikha-and-rushab/FRV_6821copy2.jpg,photos/shikha-and-rushabh,960,1200,245732
source/images/photos/shikha-and-rushabh/081-FRV_7541.jpg,https://frozenvibes.in/wp-content/gallery/shikha-and-rushab/FRV_7541.jpg,photos/shikha-and-rushabh,1600,1065,328034
source/images/photos/shikha-and-rushabh/082-FRV_8117.jpg,https://frozenvibes.in/wp-content/gallery/shikha-and-rushab/FRV_8117.jpg,photos/shikha-and-rushabh,1600,1065,165873
source/images/photos/shikha-and-rushabh/083-FRV_8129.jpg,https://frozenvibes.in/wp-content/gallery/shikha-and-rushab/FRV_8129.jpg,photos/shikha-and-rushabh,1600,1065,230006
source/images/photos/shikha-and-rushabh/084-FRV_8181.jpg,https://frozenvibes.in/wp-content/gallery/shikha-and-rushab/FRV_8181.jpg,photos/shikha-and-rushabh,798,1200,153038
source/images/photos/shikha-and-rushabh/085-FRV_8148.jpg,https://frozenvibes.in/wp-content/gallery/shikha-and-rushab/FRV_8148.jpg,photos/shikha-and-rushabh,960,1200,180555
source/images/photos/shikha-and-rushabh/086-FRV_8301.jpg,https://frozenvibes.in/wp-content/gallery/shikha-and-rushab/FRV_8301.jpg,photos/shikha-and-rushabh,1600,1065,279206
source/images/photos/shikha-and-rushabh/087-FRV_8281.jpg,https://frozenvibes.in/wp-content/gallery/shikha-and-rushab/FRV_8281.jpg,photos/shikha-and-rushabh,960,1200,189934
source/images/photos/shikha-and-rushabh/088-FRV_8340.jpg,https://frozenvibes.in/wp-content/gallery/shikha-and-rushab/FRV_8340.jpg,photos/shikha-and-rushabh,1600,1065,429482
source/images/photos/shikha-and-rushabh/089-FRV_8352.jpg,https://frozenvibes.in/wp-content/gallery/shikha-and-rushab/FRV_8352.jpg,photos/shikha-and-rushabh,1600,1065,490593
source/images/photos/shikha-and-rushabh/090-FRV_8380.jpg,https://frozenvibes.in/wp-content/gallery/shikha-and-rushab/FRV_8380.jpg,photos/shikha-and-rushabh,798,1200,215415
source/images/photos/shikha-and-rushabh/091-FRV_8355.jpg,https://frozenvibes.in/wp-content/gallery/shikha-and-rushab/FRV_8355.jpg,photos/shikha-and-rushabh,1600,1065,493490
source/images/photos/shikha-and-rushabh/092-FRV_8430.jpg,https://frozenvibes.in/wp-content/gallery/shikha-and-rushab/FRV_8430.jpg,photos/shikha-and-rushabh,798,1200,211423
source/images/photos/shikha-and-rushabh/093-FRV_8383.jpg,https://frozenvibes.in/wp-content/gallery/shikha-and-rushab/FRV_8383.jpg,photos/shikha-and-rushabh,798,1200,214323
source/images/photos/shikha-and-rushabh/094-FRV_8430-2.jpg,https://frozenvibes.in/wp-content/gallery/shikha-and-rushab/FRV_8430-2.jpg,photos/shikha-and-rushabh,960,1200,234089
source/images/photos/shikha-and-rushabh/095-FRV_8430-2copy.jpg,https://frozenvibes.in/wp-content/gallery/shikha-and-rushab/FRV_8430-2copy.jpg,photos/shikha-and-rushabh,960,1200,256522
source/images/photos/shikha-and-rushabh/096-FRV_8495.jpg,https://frozenvibes.in/wp-content/gallery/shikha-and-rushab/FRV_8495.jpg,photos/shikha-and-rushabh,1600,1065,353873
source/images/photos/shikha-and-rushabh/097-FRV_8505.jpg,https://frozenvibes.in/wp-content/gallery/shikha-and-rushab/FRV_8505.jpg,photos/shikha-and-rushabh,1600,1065,444243
source/images/photos/shikha-and-rushabh/098-FRV_8513.jpg,https://frozenvibes.in/wp-content/gallery/shikha-and-rushab/FRV_8513.jpg,photos/shikha-and-rushabh,1600,1065,436411
source/images/photos/shikha-and-rushabh/099-FRV_8528.jpg,https://frozenvibes.in/wp-content/gallery/shikha-and-rushab/FRV_8528.jpg,photos/shikha-and-rushabh,1600,1065,402958
source/images/photos/shikha-and-rushabh/100-FRV_8564.jpg,https://frozenvibes.in/wp-content/gallery/shikha-and-rushab/FRV_8564.jpg,photos/shikha-and-rushabh,1600,1065,360718
source/images/photos/shikha-and-rushabh/101-FRV_8633.jpg,https://frozenvibes.in/wp-content/gallery/shikha-and-rushab/FRV_8633.jpg,photos/shikha-and-rushabh,1600,1065,266224
source/images/photos/shikha-and-rushabh/102-FRV_8731.jpg,https://frozenvibes.in/wp-content/gallery/shikha-and-rushab/FRV_8731.jpg,photos/shikha-and-rushabh,798,1200,121830
source/images/photos/shikha-and-rushabh/103-FRV_8818.jpg,https://frozenvibes.in/wp-content/gallery/shikha-and-rushab/FRV_8818.jpg,photos/shikha-and-rushabh,798,1200,129045
source/images/photos/shikha-and-rushabh/104-FRV_8819.jpg,https://frozenvibes.in/wp-content/gallery/shikha-and-rushab/FRV_8819.jpg,photos/shikha-and-rushabh,960,1200,122545
source/images/photos/shikha-and-rushabh/105-FRV_8879.jpg,https://frozenvibes.in/wp-content/gallery/shikha-and-rushab/FRV_8879.jpg,photos/shikha-and-rushabh,1600,1065,298143
source/images/photos/shikha-and-rushabh/106-FRV_9022.jpg,https://frozenvibes.in/wp-content/gallery/shikha-and-rushab/FRV_9022.jpg,photos/shikha-and-rushabh,798,1200,126006
source/images/photos/shikha-and-rushabh/107-FRV_9052.jpg,https://frozenvibes.in/wp-content/gallery/shikha-and-rushab/FRV_9052.jpg,photos/shikha-and-rushabh,798,1200,140923
source/images/photos/shikha-and-rushabh/108-FRV_9064.jpg,https://frozenvibes.in/wp-content/gallery/shikha-and-rushab/FRV_9064.jpg,photos/shikha-and-rushabh,798,1200,166950
source/images/photos/shikha-and-rushabh/109-FRV_9166.jpg,https://frozenvibes.in/wp-content/gallery/shikha-and-rushab/FRV_9166.jpg,photos/shikha-and-rushabh,798,1200,110617
source/images/photos/shikha-and-rushabh/110-FRV_9191.jpg,https://frozenvibes.in/wp-content/gallery/shikha-and-rushab/FRV_9191.jpg,photos/shikha-and-rushabh,798,1200,153313
source/images/photos/shikha-and-rushabh/111-FRV_31402.jpg,https://frozenvibes.in/wp-content/gallery/shikha-and-rushab/FRV_31402.jpg,photos/shikha-and-rushabh,1600,1065,180219
source/images/photos/shikha-and-rushabh/112-insta2.jpg,https://frozenvibes.in/wp-content/gallery/shikha-and-rushab/insta2.jpg,photos/shikha-and-rushabh,960,1200,126959
source/images/photos/shikha-and-rushabh/113-FRV_9232.jpg,https://frozenvibes.in/wp-content/gallery/shikha-and-rushab/FRV_9232.jpg,photos/shikha-and-rushabh,798,1200,106695
source/images/photos/shikha-and-rushabh/114-Untitled-1.jpg,https://frozenvibes.in/wp-content/gallery/shikha-and-rushab/Untitled-1.jpg,photos/shikha-and-rushabh,960,1200,226993
source/images/photos/shikha-and-rushabh/115-insta1.jpg,https://frozenvibes.in/wp-content/gallery/shikha-and-rushab/insta1.jpg,photos/shikha-and-rushabh,960,1200,236035
source/images/photos/shikha-and-rushabh/116-Untitled-1copy.jpg,https://frozenvibes.in/wp-content/gallery/shikha-and-rushab/Untitled-1copy.jpg,photos/shikha-and-rushabh,960,1200,283169
source/images/photos/shikha-and-rushabh/117-Untitled-2.jpg,https://frozenvibes.in/wp-content/gallery/shikha-and-rushab/Untitled-2.jpg,photos/shikha-and-rushabh,960,1200,271729
source/images/photos/shikha-and-rushabh/118-Untitled-3.jpg,https://frozenvibes.in/wp-content/gallery/shikha-and-rushab/Untitled-3.jpg,photos/shikha-and-rushabh,960,1200,303837
source/images/photos/shrishti-and-jugal/001-DSC_7805.jpg,https://frozenvibes.in/wp-content/gallery/shristi-and-jugal/DSC_7805.jpg,photos/shrishti-and-jugal,1600,1067,119183
source/images/photos/shrishti-and-jugal/002-DSC_7882.jpg,https://frozenvibes.in/wp-content/gallery/shristi-and-jugal/DSC_7882.jpg,photos/shrishti-and-jugal,800,1200,130698
source/images/photos/shrishti-and-jugal/003-FRV_3516.jpg,https://frozenvibes.in/wp-content/gallery/shristi-and-jugal/FRV_3516.jpg,photos/shrishti-and-jugal,1600,1065,185353
source/images/photos/shrishti-and-jugal/004-DSC_7818.jpg,https://frozenvibes.in/wp-content/gallery/shristi-and-jugal/DSC_7818.jpg,photos/shrishti-and-jugal,1600,1067,216064
source/images/photos/shrishti-and-jugal/005-DSC_7881.jpg,https://frozenvibes.in/wp-content/gallery/shristi-and-jugal/DSC_7881.jpg,photos/shrishti-and-jugal,800,1200,152706
source/images/photos/shrishti-and-jugal/006-DSC_7893.jpg,https://frozenvibes.in/wp-content/gallery/shristi-and-jugal/DSC_7893.jpg,photos/shrishti-and-jugal,800,1200,166308
source/images/photos/shrishti-and-jugal/007-FRV_3610.jpg,https://frozenvibes.in/wp-content/gallery/shristi-and-jugal/FRV_3610.jpg,photos/shrishti-and-jugal,798,1200,124158
source/images/photos/shrishti-and-jugal/008-FRV_3660.jpg,https://frozenvibes.in/wp-content/gallery/shristi-and-jugal/FRV_3660.jpg,photos/shrishti-and-jugal,798,1200,179340
source/images/photos/shrishti-and-jugal/009-FRV_4869.jpg,https://frozenvibes.in/wp-content/gallery/shristi-and-jugal/FRV_4869.jpg,photos/shrishti-and-jugal,1600,1065,157029
source/images/photos/shrishti-and-jugal/010-FRV_4537.jpg,https://frozenvibes.in/wp-content/gallery/shristi-and-jugal/FRV_4537.jpg,photos/shrishti-and-jugal,1600,1065,297575
source/images/photos/shrishti-and-jugal/011-FRV_4324.jpg,https://frozenvibes.in/wp-content/gallery/shristi-and-jugal/FRV_4324.jpg,photos/shrishti-and-jugal,1600,1065,452341
source/images/photos/shrishti-and-jugal/012-FRV_4645.jpg,https://frozenvibes.in/wp-content/gallery/shristi-and-jugal/FRV_4645.jpg,photos/shrishti-and-jugal,1600,1065,326808
source/images/photos/shrishti-and-jugal/013-FRV_5218.jpg,https://frozenvibes.in/wp-content/gallery/shristi-and-jugal/FRV_5218.jpg,photos/shrishti-and-jugal,1600,1065,175188
source/images/photos/shrishti-and-jugal/014-FRV_5327.jpg,https://frozenvibes.in/wp-content/gallery/shristi-and-jugal/FRV_5327.jpg,photos/shrishti-and-jugal,1600,1065,288757
source/images/photos/shrishti-and-jugal/015-FRV_5822.jpg,https://frozenvibes.in/wp-content/gallery/shristi-and-jugal/FRV_5822.jpg,photos/shrishti-and-jugal,1600,1065,238866
source/images/photos/shrishti-and-jugal/016-FRV_6074.jpg,https://frozenvibes.in/wp-content/gallery/shristi-and-jugal/FRV_6074.jpg,photos/shrishti-and-jugal,798,1200,116553
source/images/photos/shrishti-and-jugal/017-FRV_6083.jpg,https://frozenvibes.in/wp-content/gallery/shristi-and-jugal/FRV_6083.jpg,photos/shrishti-and-jugal,798,1200,93605
source/images/photos/shrishti-and-jugal/018-FRV_6130.jpg,https://frozenvibes.in/wp-content/gallery/shristi-and-jugal/FRV_6130.jpg,photos/shrishti-and-jugal,799,1200,125834
source/images/photos/shrishti-and-jugal/019-FRV_6106.jpg,https://frozenvibes.in/wp-content/gallery/shristi-and-jugal/FRV_6106.jpg,photos/shrishti-and-jugal,1600,1065,166162
source/images/photos/shrishti-and-jugal/020-FRV_6038.jpg,https://frozenvibes.in/wp-content/gallery/shristi-and-jugal/FRV_6038.jpg,photos/shrishti-and-jugal,1600,1065,267823
source/images/photos/shrishti-and-jugal/021-FRV_6206.jpg,https://frozenvibes.in/wp-content/gallery/shristi-and-jugal/FRV_6206.jpg,photos/shrishti-and-jugal,1600,1065,257355
source/images/photos/shrishti-and-jugal/022-FRV_6277.jpg,https://frozenvibes.in/wp-content/gallery/shristi-and-jugal/FRV_6277.jpg,photos/shrishti-and-jugal,1600,1065,281049
source/images/photos/shrishti-and-jugal/023-FRV_6326.jpg,https://frozenvibes.in/wp-content/gallery/shristi-and-jugal/FRV_6326.jpg,photos/shrishti-and-jugal,1600,1065,245559
source/images/photos/shrishti-and-jugal/024-FRV_6344.jpg,https://frozenvibes.in/wp-content/gallery/shristi-and-jugal/FRV_6344.jpg,photos/shrishti-and-jugal,1600,1065,162705
source/images/photos/shrishti-and-jugal/025-FRV_6352.jpg,https://frozenvibes.in/wp-content/gallery/shristi-and-jugal/FRV_6352.jpg,photos/shrishti-and-jugal,798,1200,129974
source/images/photos/shrishti-and-jugal/026-FRV_6355.jpg,https://frozenvibes.in/wp-content/gallery/shristi-and-jugal/FRV_6355.jpg,photos/shrishti-and-jugal,798,1200,168535
source/images/photos/shrishti-and-jugal/027-FRV_6356.jpg,https://frozenvibes.in/wp-content/gallery/shristi-and-jugal/FRV_6356.jpg,photos/shrishti-and-jugal,799,1200,161746
source/images/photos/shrishti-and-jugal/028-FRV_6374.jpg,https://frozenvibes.in/wp-content/gallery/shristi-and-jugal/FRV_6374.jpg,photos/shrishti-and-jugal,1600,1065,266427
source/images/photos/shrishti-and-jugal/029-FRV_6386.jpg,https://frozenvibes.in/wp-content/gallery/shristi-and-jugal/FRV_6386.jpg,photos/shrishti-and-jugal,1600,1065,337038
source/images/photos/shrishti-and-jugal/030-FRV_6490.jpg,https://frozenvibes.in/wp-content/gallery/shristi-and-jugal/FRV_6490.jpg,photos/shrishti-and-jugal,798,1200,75967
source/images/photos/shrishti-and-jugal/031-FRV_6392.jpg,https://frozenvibes.in/wp-content/gallery/shristi-and-jugal/FRV_6392.jpg,photos/shrishti-and-jugal,1600,1065,328049
source/images/photos/shrishti-and-jugal/032-FRV_6394.jpg,https://frozenvibes.in/wp-content/gallery/shristi-and-jugal/FRV_6394.jpg,photos/shrishti-and-jugal,1600,1065,332444
source/images/photos/shrishti-and-jugal/033-FRV_6423.jpg,https://frozenvibes.in/wp-content/gallery/shristi-and-jugal/FRV_6423.jpg,photos/shrishti-and-jugal,1600,1065,296620
source/images/photos/shrishti-and-jugal/034-FRV_6509.jpg,https://frozenvibes.in/wp-content/gallery/shristi-and-jugal/FRV_6509.jpg,photos/shrishti-and-jugal,1600,1065,191483
source/images/photos/shrishti-and-jugal/035-FRV_6539.jpg,https://frozenvibes.in/wp-content/gallery/shristi-and-jugal/FRV_6539.jpg,photos/shrishti-and-jugal,798,1200,150428
source/images/photos/shrishti-and-jugal/036-FRV_6636.jpg,https://frozenvibes.in/wp-content/gallery/shristi-and-jugal/FRV_6636.jpg,photos/shrishti-and-jugal,1600,1065,196780
source/images/photos/shrishti-and-jugal/037-FRV_6639.jpg,https://frozenvibes.in/wp-content/gallery/shristi-and-jugal/FRV_6639.jpg,photos/shrishti-and-jugal,1600,1065,197642
source/images/photos/shrishti-and-jugal/038-FRV_6661.jpg,https://frozenvibes.in/wp-content/gallery/shristi-and-jugal/FRV_6661.jpg,photos/shrishti-and-jugal,1600,1065,196343
source/images/photos/shrishti-and-jugal/039-FRV_6687.jpg,https://frozenvibes.in/wp-content/gallery/shristi-and-jugal/FRV_6687.jpg,photos/shrishti-and-jugal,1600,1065,132339
source/images/photos/shrishti-and-jugal/040-FRV_6762.jpg,https://frozenvibes.in/wp-content/gallery/shristi-and-jugal/FRV_6762.jpg,photos/shrishti-and-jugal,798,1200,79719
source/images/photos/shrishti-and-jugal/041-FRV_6791.jpg,https://frozenvibes.in/wp-content/gallery/shristi-and-jugal/FRV_6791.jpg,photos/shrishti-and-jugal,798,1200,153754
source/images/photos/shrishti-and-jugal/042-FRV_6857.jpg,https://frozenvibes.in/wp-content/gallery/shristi-and-jugal/FRV_6857.jpg,photos/shrishti-and-jugal,798,1200,165119
source/images/photos/shrishti-and-jugal/043-FRV_6862.jpg,https://frozenvibes.in/wp-content/gallery/shristi-and-jugal/FRV_6862.jpg,photos/shrishti-and-jugal,798,1200,165872
source/images/photos/shrishti-and-jugal/044-FRV_6890.jpg,https://frozenvibes.in/wp-content/gallery/shristi-and-jugal/FRV_6890.jpg,photos/shrishti-and-jugal,798,1200,166255
source/images/photos/shrishti-and-jugal/045-FRV_6888.jpg,https://frozenvibes.in/wp-content/gallery/shristi-and-jugal/FRV_6888.jpg,photos/shrishti-and-jugal,798,1200,166214
source/images/photos/shrishti-and-jugal/046-FRV_6897.jpg,https://frozenvibes.in/wp-content/gallery/shristi-and-jugal/FRV_6897.jpg,photos/shrishti-and-jugal,798,1200,167320
source/images/photos/shrishti-and-jugal/047-FRV_6908.jpg,https://frozenvibes.in/wp-content/gallery/shristi-and-jugal/FRV_6908.jpg,photos/shrishti-and-jugal,798,1200,168412
source/images/photos/shrishti-and-jugal/048-FRV_6916.jpg,https://frozenvibes.in/wp-content/gallery/shristi-and-jugal/FRV_6916.jpg,photos/shrishti-and-jugal,1600,1065,266069
source/images/photos/shrishti-and-jugal/049-FRV_6966.jpg,https://frozenvibes.in/wp-content/gallery/shristi-and-jugal/FRV_6966.jpg,photos/shrishti-and-jugal,798,1200,168793
source/images/photos/shrishti-and-jugal/050-FRV_7082.jpg,https://frozenvibes.in/wp-content/gallery/shristi-and-jugal/FRV_7082.jpg,photos/shrishti-and-jugal,798,1200,178559
source/images/photos/shrishti-and-jugal/051-FRV_7154.jpg,https://frozenvibes.in/wp-content/gallery/shristi-and-jugal/FRV_7154.jpg,photos/shrishti-and-jugal,798,1200,152540
source/images/photos/shrishti-and-jugal/052-FRV_7102.jpg,https://frozenvibes.in/wp-content/gallery/shristi-and-jugal/FRV_7102.jpg,photos/shrishti-and-jugal,798,1200,188136
source/images/photos/shrishti-and-jugal/053-FRV_7202.jpg,https://frozenvibes.in/wp-content/gallery/shristi-and-jugal/FRV_7202.jpg,photos/shrishti-and-jugal,1600,1065,308195
source/images/photos/shrishti-and-jugal/054-FRV_7187.jpg,https://frozenvibes.in/wp-content/gallery/shristi-and-jugal/FRV_7187.jpg,photos/shrishti-and-jugal,1600,1065,425956
source/images/photos/shrishti-and-jugal/055-FRV_7212.jpg,https://frozenvibes.in/wp-content/gallery/shristi-and-jugal/FRV_7212.jpg,photos/shrishti-and-jugal,1600,1065,332097
source/images/photos/shrishti-and-jugal/056-FRV_7226.jpg,https://frozenvibes.in/wp-content/gallery/shristi-and-jugal/FRV_7226.jpg,photos/shrishti-and-jugal,1600,1065,298456
source/images/photos/shrishti-and-jugal/057-FRV_7283.jpg,https://frozenvibes.in/wp-content/gallery/shristi-and-jugal/FRV_7283.jpg,photos/shrishti-and-jugal,1600,1065,266077
source/images/photos/shrishti-and-jugal/058-FRV_7301.jpg,https://frozenvibes.in/wp-content/gallery/shristi-and-jugal/FRV_7301.jpg,photos/shrishti-and-jugal,1600,1065,328448
source/images/photos/shrishti-and-jugal/059-FRV_7329.jpg,https://frozenvibes.in/wp-content/gallery/shristi-and-jugal/FRV_7329.jpg,photos/shrishti-and-jugal,1600,1065,364343
source/images/photos/shrishti-and-jugal/060-FRV_7372.jpg,https://frozenvibes.in/wp-content/gallery/shristi-and-jugal/FRV_7372.jpg,photos/shrishti-and-jugal,1600,1065,314082
source/images/photos/shrishti-and-jugal/061-FRV_7338.jpg,https://frozenvibes.in/wp-content/gallery/shristi-and-jugal/FRV_7338.jpg,photos/shrishti-and-jugal,1600,1065,449707
source/images/photos/shrishti-and-jugal/062-FRV_7441.jpg,https://frozenvibes.in/wp-content/gallery/shristi-and-jugal/FRV_7441.jpg,photos/shrishti-and-jugal,1600,1065,309741
source/images/photos/shrishti-and-jugal/063-FRV_7443.jpg,https://frozenvibes.in/wp-content/gallery/shristi-and-jugal/FRV_7443.jpg,photos/shrishti-and-jugal,1600,1065,308270
source/images/photos/shrishti-and-jugal/064-FRV_7463.jpg,https://frozenvibes.in/wp-content/gallery/shristi-and-jugal/FRV_7463.jpg,photos/shrishti-and-jugal,1600,1065,254643
source/images/photos/shrishti-and-jugal/065-FRV_7403.jpg,https://frozenvibes.in/wp-content/gallery/shristi-and-jugal/FRV_7403.jpg,photos/shrishti-and-jugal,1600,1065,449860
source/images/photos/shrishti-and-jugal/066-FRV_7474.jpg,https://frozenvibes.in/wp-content/gallery/shristi-and-jugal/FRV_7474.jpg,photos/shrishti-and-jugal,1600,1065,293100
source/images/photos/shrishti-and-jugal/067-FRV_7480.jpg,https://frozenvibes.in/wp-content/gallery/shristi-and-jugal/FRV_7480.jpg,photos/shrishti-and-jugal,1600,1065,297918
source/images/photos/shrishti-and-jugal/068-FRV_7530.jpg,https://frozenvibes.in/wp-content/gallery/shristi-and-jugal/FRV_7530.jpg,photos/shrishti-and-jugal,1600,1065,254876
source/images/photos/shrishti-and-jugal/069-FRV_7539.jpg,https://frozenvibes.in/wp-content/gallery/shristi-and-jugal/FRV_7539.jpg,photos/shrishti-and-jugal,1600,1065,281419
source/images/photos/shrishti-and-jugal/070-FRV_7551.jpg,https://frozenvibes.in/wp-content/gallery/shristi-and-jugal/FRV_7551.jpg,photos/shrishti-and-jugal,1600,1065,279250
source/images/photos/shrishti-and-jugal/071-FRV_7637.jpg,https://frozenvibes.in/wp-content/gallery/shristi-and-jugal/FRV_7637.jpg,photos/shrishti-and-jugal,1600,1065,258600
source/images/photos/shrishti-and-jugal/072-FRV_7662.jpg,https://frozenvibes.in/wp-content/gallery/shristi-and-jugal/FRV_7662.jpg,photos/shrishti-and-jugal,1600,1065,393603
source/images/photos/shrishti-and-jugal/073-FRV_7649.jpg,https://frozenvibes.in/wp-content/gallery/shristi-and-jugal/FRV_7649.jpg,photos/shrishti-and-jugal,1600,1065,435321
source/images/photos/shrishti-and-jugal/074-FRV_7694.jpg,https://frozenvibes.in/wp-content/gallery/shristi-and-jugal/FRV_7694.jpg,photos/shrishti-and-jugal,1600,1065,325211
source/images/photos/shrishti-and-jugal/075-FRV_7731.jpg,https://frozenvibes.in/wp-content/gallery/shristi-and-jugal/FRV_7731.jpg,photos/shrishti-and-jugal,1600,1065,174894
source/images/photos/shrishti-and-jugal/076-FRV_7796.jpg,https://frozenvibes.in/wp-content/gallery/shristi-and-jugal/FRV_7796.jpg,photos/shrishti-and-jugal,1600,1065,281758
source/images/photos/shrishti-and-jugal/077-FRV_7836.jpg,https://frozenvibes.in/wp-content/gallery/shristi-and-jugal/FRV_7836.jpg,photos/shrishti-and-jugal,1600,1065,280349
source/images/photos/shrishti-and-jugal/078-FRV_7869.jpg,https://frozenvibes.in/wp-content/gallery/shristi-and-jugal/FRV_7869.jpg,photos/shrishti-and-jugal,1600,1065,281706
source/images/photos/shrishti-and-jugal/079-FRV_7837.jpg,https://frozenvibes.in/wp-content/gallery/shristi-and-jugal/FRV_7837.jpg,photos/shrishti-and-jugal,1600,1065,273151
source/images/photos/shrishti-and-jugal/080-FRV_7873.jpg,https://frozenvibes.in/wp-content/gallery/shristi-and-jugal/FRV_7873.jpg,photos/shrishti-and-jugal,1600,1065,231467
source/images/photos/shrishti-and-jugal/081-FRV_7911.jpg,https://frozenvibes.in/wp-content/gallery/shristi-and-jugal/FRV_7911.jpg,photos/shrishti-and-jugal,1600,1065,199543
source/images/photos/shrishti-and-jugal/082-FRV_7956.jpg,https://frozenvibes.in/wp-content/gallery/shristi-and-jugal/FRV_7956.jpg,photos/shrishti-and-jugal,1600,1065,270521
source/images/photos/shrishti-and-jugal/083-FRV_7931.jpg,https://frozenvibes.in/wp-content/gallery/shristi-and-jugal/FRV_7931.jpg,photos/shrishti-and-jugal,798,1200,123591
source/images/photos/shrishti-and-jugal/084-FRV_8081.jpg,https://frozenvibes.in/wp-content/gallery/shristi-and-jugal/FRV_8081.jpg,photos/shrishti-and-jugal,1600,1065,320461
source/images/photos/shrishti-and-jugal/085-FRV_8143.jpg,https://frozenvibes.in/wp-content/gallery/shristi-and-jugal/FRV_8143.jpg,photos/shrishti-and-jugal,798,1200,238518
source/images/photos/shrishti-and-jugal/086-FRV_8194.jpg,https://frozenvibes.in/wp-content/gallery/shristi-and-jugal/FRV_8194.jpg,photos/shrishti-and-jugal,1600,1065,128632
source/images/photos/shrishti-and-jugal/087-FRV_8184.jpg,https://frozenvibes.in/wp-content/gallery/shristi-and-jugal/FRV_8184.jpg,photos/shrishti-and-jugal,1600,1065,308908
source/images/photos/shrishti-and-jugal/088-FRV_8214.jpg,https://frozenvibes.in/wp-content/gallery/shristi-and-jugal/FRV_8214.jpg,photos/shrishti-and-jugal,1600,1065,172320
source/images/photos/shrishti-and-jugal/089-FRV_8210.jpg,https://frozenvibes.in/wp-content/gallery/shristi-and-jugal/FRV_8210.jpg,photos/shrishti-and-jugal,1600,1065,181296
source/images/photos/shrishti-and-jugal/090-FRV_8262.jpg,https://frozenvibes.in/wp-content/gallery/shristi-and-jugal/FRV_8262.jpg,photos/shrishti-and-jugal,1600,1065,265691
source/images/photos/shrishti-and-jugal/091-FRV_8276.jpg,https://frozenvibes.in/wp-content/gallery/shristi-and-jugal/FRV_8276.jpg,photos/shrishti-and-jugal,798,1200,177376
source/images/photos/shrishti-and-jugal/092-FRV_8287.jpg,https://frozenvibes.in/wp-content/gallery/shristi-and-jugal/FRV_8287.jpg,photos/shrishti-and-jugal,798,1200,190505
source/images/photos/shrishti-and-jugal/093-FRV_8311.jpg,https://frozenvibes.in/wp-content/gallery/shristi-and-jugal/FRV_8311.jpg,photos/shrishti-and-jugal,798,1200,171969
source/images/photos/shrishti-and-jugal/094-FRV_8399.jpg,https://frozenvibes.in/wp-content/gallery/shristi-and-jugal/FRV_8399.jpg,photos/shrishti-and-jugal,798,1200,214101
source/images/photos/shrishti-and-jugal/095-FRV_8421.jpg,https://frozenvibes.in/wp-content/gallery/shristi-and-jugal/FRV_8421.jpg,photos/shrishti-and-jugal,798,1200,175809
source/images/photos/shrishti-and-jugal/096-FRV_8422.jpg,https://frozenvibes.in/wp-content/gallery/shristi-and-jugal/FRV_8422.jpg,photos/shrishti-and-jugal,798,1200,187562
source/images/photos/shrishti-and-jugal/097-FRV_8457.jpg,https://frozenvibes.in/wp-content/gallery/shristi-and-jugal/FRV_8457.jpg,photos/shrishti-and-jugal,1600,1065,214769
source/images/photos/shrishti-and-jugal/098-FRV_8445.jpg,https://frozenvibes.in/wp-content/gallery/shristi-and-jugal/FRV_8445.jpg,photos/shrishti-and-jugal,1600,1065,262274
source/images/photos/shrishti-and-jugal/099-FRV_8459.jpg,https://frozenvibes.in/wp-content/gallery/shristi-and-jugal/FRV_8459.jpg,photos/shrishti-and-jugal,1600,1065,271087
source/images/photos/shrishti-and-jugal/100-FRV_8498.jpg,https://frozenvibes.in/wp-content/gallery/shristi-and-jugal/FRV_8498.jpg,photos/shrishti-and-jugal,1600,1065,190461
source/images/photos/shrishti-and-jugal/101-FRV_8502.jpg,https://frozenvibes.in/wp-content/gallery/shristi-and-jugal/FRV_8502.jpg,photos/shrishti-and-jugal,1600,1065,247530
source/images/photos/shrishti-and-jugal/102-FRV_8531.jpg,https://frozenvibes.in/wp-content/gallery/shristi-and-jugal/FRV_8531.jpg,photos/shrishti-and-jugal,1600,1065,242291
source/images/photos/shrishti-and-jugal/103-FRV_8535.jpg,https://frozenvibes.in/wp-content/gallery/shristi-and-jugal/FRV_8535.jpg,photos/shrishti-and-jugal,798,1200,117313
source/images/photos/shrishti-and-jugal/104-FRV_8568.jpg,https://frozenvibes.in/wp-content/gallery/shristi-and-jugal/FRV_8568.jpg,photos/shrishti-and-jugal,1600,1065,308410
source/images/photos/shrishti-and-jugal/105-FRV_8538.jpg,https://frozenvibes.in/wp-content/gallery/shristi-and-jugal/FRV_8538.jpg,photos/shrishti-and-jugal,798,1200,126590
source/images/photos/shrishti-and-jugal/106-FRV_8591.jpg,https://frozenvibes.in/wp-content/gallery/shristi-and-jugal/FRV_8591.jpg,photos/shrishti-and-jugal,1600,1065,386574
source/images/photos/shrishti-and-jugal/107-FRV_8654.jpg,https://frozenvibes.in/wp-content/gallery/shristi-and-jugal/FRV_8654.jpg,photos/shrishti-and-jugal,1600,1065,238445
source/images/photos/shrishti-and-jugal/108-FRV_8757.jpg,https://frozenvibes.in/wp-content/gallery/shristi-and-jugal/FRV_8757.jpg,photos/shrishti-and-jugal,1600,1065,337059
source/images/photos/shrishti-and-jugal/109-FRV_8782.jpg,https://frozenvibes.in/wp-content/gallery/shristi-and-jugal/FRV_8782.jpg,photos/shrishti-and-jugal,1600,1065,349903
source/images/photos/shrishti-and-jugal/110-FRV_8786.jpg,https://frozenvibes.in/wp-content/gallery/shristi-and-jugal/FRV_8786.jpg,photos/shrishti-and-jugal,1600,1065,250095
source/images/photos/shrishti-and-jugal/111-FRV_8821.jpg,https://frozenvibes.in/wp-content/gallery/shristi-and-jugal/FRV_8821.jpg,photos/shrishti-and-jugal,798,1200,177093
source/images/photos/shrishti-and-jugal/112-FRV_8995.jpg,https://frozenvibes.in/wp-content/gallery/shristi-and-jugal/FRV_8995.jpg,photos/shrishti-and-jugal,1600,1065,385267
source/images/photos/shrishti-and-jugal/113-FRV_62272.jpg,https://frozenvibes.in/wp-content/gallery/shristi-and-jugal/FRV_62272.jpg,photos/shrishti-and-jugal,1600,1065,211597
source/images/photos/shrishti-and-jugal/114-FRV_63082.jpg,https://frozenvibes.in/wp-content/gallery/shristi-and-jugal/FRV_63082.jpg,photos/shrishti-and-jugal,798,1200,167209
source/images/photos/shrishti-and-jugal/115-FRV_68432.jpg,https://frozenvibes.in/wp-content/gallery/shristi-and-jugal/FRV_68432.jpg,photos/shrishti-and-jugal,798,1200,176908
source/images/photos/shrishti-and-jugal/116-FRV_82592.jpg,https://frozenvibes.in/wp-content/gallery/shristi-and-jugal/FRV_82592.jpg,photos/shrishti-and-jugal,798,1200,170036
source/images/photos/pratyushi-and-vedant/001-DSC_4113.jpg,https://frozenvibes.in/wp-content/gallery/pratyushi-and-vedaant/DSC_4113.jpg,photos/pratyushi-and-vedant,798,1200,89815
source/images/photos/pratyushi-and-vedant/002-DSC_3705.jpg,https://frozenvibes.in/wp-content/gallery/pratyushi-and-vedaant/DSC_3705.jpg,photos/pratyushi-and-vedant,1600,1065,236778
source/images/photos/pratyushi-and-vedant/003-FRV_0227.jpg,https://frozenvibes.in/wp-content/gallery/pratyushi-and-vedaant/FRV_0227.jpg,photos/pratyushi-and-vedant,1600,1065,229344
source/images/photos/pratyushi-and-vedant/004-DSC_3736.jpg,https://frozenvibes.in/wp-content/gallery/pratyushi-and-vedaant/DSC_3736.jpg,photos/pratyushi-and-vedant,1600,1065,272054
source/images/photos/pratyushi-and-vedant/005-DSC_3784.jpg,https://frozenvibes.in/wp-content/gallery/pratyushi-and-vedaant/DSC_3784.jpg,photos/pratyushi-and-vedant,1600,1065,405766
source/images/photos/pratyushi-and-vedant/006-FRV_1849.jpg,https://frozenvibes.in/wp-content/gallery/pratyushi-and-vedaant/FRV_1849.jpg,photos/pratyushi-and-vedant,1600,1065,134943
source/images/photos/pratyushi-and-vedant/007-DSCF4025.jpg,https://frozenvibes.in/wp-content/gallery/pratyushi-and-vedaant/DSCF4025.jpg,photos/pratyushi-and-vedant,1600,1067,400419
source/images/photos/pratyushi-and-vedant/008-FRV_2006.jpg,https://frozenvibes.in/wp-content/gallery/pratyushi-and-vedaant/FRV_2006.jpg,photos/pratyushi-and-vedant,1600,1065,254445
source/images/photos/pratyushi-and-vedant/009-FRV_2016.jpg,https://frozenvibes.in/wp-content/gallery/pratyushi-and-vedaant/FRV_2016.jpg,photos/pratyushi-and-vedant,798,1200,199287
source/images/photos/pratyushi-and-vedant/010-FRV_2155.jpg,https://frozenvibes.in/wp-content/gallery/pratyushi-and-vedaant/FRV_2155.jpg,photos/pratyushi-and-vedant,1600,1065,137201
source/images/photos/pratyushi-and-vedant/011-FRV_2203.jpg,https://frozenvibes.in/wp-content/gallery/pratyushi-and-vedaant/FRV_2203.jpg,photos/pratyushi-and-vedant,1600,1065,154301
source/images/photos/pratyushi-and-vedant/012-FRV_2207.jpg,https://frozenvibes.in/wp-content/gallery/pratyushi-and-vedaant/FRV_2207.jpg,photos/pratyushi-and-vedant,1600,1065,171371
source/images/photos/pratyushi-and-vedant/013-FRV_2281.jpg,https://frozenvibes.in/wp-content/gallery/pratyushi-and-vedaant/FRV_2281.jpg,photos/pratyushi-and-vedant,1600,1065,147306
source/images/photos/pratyushi-and-vedant/014-FRV_2418.jpg,https://frozenvibes.in/wp-content/gallery/pratyushi-and-vedaant/FRV_2418.jpg,photos/pratyushi-and-vedant,1600,1065,205783
source/images/photos/pratyushi-and-vedant/015-FRV_2508copy.jpg,https://frozenvibes.in/wp-content/gallery/pratyushi-and-vedaant/FRV_2508copy.jpg,photos/pratyushi-and-vedant,960,1200,111394
source/images/photos/pratyushi-and-vedant/016-FRV_2508.jpg,https://frozenvibes.in/wp-content/gallery/pratyushi-and-vedaant/FRV_2508.jpg,photos/pratyushi-and-vedant,1600,1065,231284
source/images/photos/pratyushi-and-vedant/017-FRV_2508front.jpg,https://frozenvibes.in/wp-content/gallery/pratyushi-and-vedaant/FRV_2508front.jpg,photos/pratyushi-and-vedant,960,1200,106448
source/images/photos/pratyushi-and-vedant/018-FRV_2509copy.jpg,https://frozenvibes.in/wp-content/gallery/pratyushi-and-vedaant/FRV_2509copy.jpg,photos/pratyushi-and-vedant,1600,1067,206861
source/images/photos/pratyushi-and-vedant/019-FRV_2858.jpg,https://frozenvibes.in/wp-content/gallery/pratyushi-and-vedaant/FRV_2858.jpg,photos/pratyushi-and-vedant,1600,1065,386939
source/images/photos/pratyushi-and-vedant/020-FRV_4709.jpg,https://frozenvibes.in/wp-content/gallery/pratyushi-and-vedaant/FRV_4709.jpg,photos/pratyushi-and-vedant,1600,1065,253664
source/images/photos/pratyushi-and-vedant/021-FRV_4757.jpg,https://frozenvibes.in/wp-content/gallery/pratyushi-and-vedaant/FRV_4757.jpg,photos/pratyushi-and-vedant,805,1200,111331
source/images/photos/pratyushi-and-vedant/022-FRV_4735.jpg,https://frozenvibes.in/wp-content/gallery/pratyushi-and-vedaant/FRV_4735.jpg,photos/pratyushi-and-vedant,1600,1065,265856
source/images/photos/pratyushi-and-vedant/023-FRV_4757-2.jpg,https://frozenvibes.in/wp-content/gallery/pratyushi-and-vedaant/FRV_4757-2.jpg,photos/pratyushi-and-vedant,960,1200,144065
source/images/photos/pratyushi-and-vedant/024-FRV_4758.jpg,https://frozenvibes.in/wp-content/gallery/pratyushi-and-vedaant/FRV_4758.jpg,photos/pratyushi-and-vedant,1600,1067,306312
source/images/photos/pratyushi-and-vedant/025-FRV_5931.jpg,https://frozenvibes.in/wp-content/gallery/pratyushi-and-vedaant/FRV_5931.jpg,photos/pratyushi-and-vedant,1600,1065,231400
source/images/photos/pratyushi-and-vedant/026-FRV_5604.jpg,https://frozenvibes.in/wp-content/gallery/pratyushi-and-vedaant/FRV_5604.jpg,photos/pratyushi-and-vedant,799,1200,138486
source/images/photos/pratyushi-and-vedant/027-FRV_6126.jpg,https://frozenvibes.in/wp-content/gallery/pratyushi-and-vedaant/FRV_6126.jpg,photos/pratyushi-and-vedant,1600,1065,244058
source/images/photos/pratyushi-and-vedant/028-FRV_6225.jpg,https://frozenvibes.in/wp-content/gallery/pratyushi-and-vedaant/FRV_6225.jpg,photos/pratyushi-and-vedant,1600,1065,272303
source/images/photos/pratyushi-and-vedant/029-FRV_6225-2.jpg,https://frozenvibes.in/wp-content/gallery/pratyushi-and-vedaant/FRV_6225-2.jpg,photos/pratyushi-and-vedant,1600,1065,273741
source/images/photos/pratyushi-and-vedant/030-FRV_5596.jpg,https://frozenvibes.in/wp-content/gallery/pratyushi-and-vedaant/FRV_5596.jpg,photos/pratyushi-and-vedant,1600,1065,326231
source/images/photos/pratyushi-and-vedant/031-FRV_6226.jpg,https://frozenvibes.in/wp-content/gallery/pratyushi-and-vedaant/FRV_6226.jpg,photos/pratyushi-and-vedant,1600,1065,238371
source/images/photos/pratyushi-and-vedant/032-FRV_6247.jpg,https://frozenvibes.in/wp-content/gallery/pratyushi-and-vedaant/FRV_6247.jpg,photos/pratyushi-and-vedant,1600,1065,318395
source/images/photos/pratyushi-and-vedant/033-FRV_8761.jpg,https://frozenvibes.in/wp-content/gallery/pratyushi-and-vedaant/FRV_8761.jpg,photos/pratyushi-and-vedant,798,1200,170185
source/images/photos/pratyushi-and-vedant/034-FRV_8761-2.jpg,https://frozenvibes.in/wp-content/gallery/pratyushi-and-vedaant/FRV_8761-2.jpg,photos/pratyushi-and-vedant,1600,1067,263958
source/images/photos/pratyushi-and-vedant/035-FRV_8853.jpg,https://frozenvibes.in/wp-content/gallery/pratyushi-and-vedaant/FRV_8853.jpg,photos/pratyushi-and-vedant,1600,1065,112364
source/images/photos/pratyushi-and-vedant/036-FRV_8852.jpg,https://frozenvibes.in/wp-content/gallery/pratyushi-and-vedaant/FRV_8852.jpg,photos/pratyushi-and-vedant,960,1200,90634
source/images/photos/pratyushi-and-vedant/037-FRV_9355.jpg,https://frozenvibes.in/wp-content/gallery/pratyushi-and-vedaant/FRV_9355.jpg,photos/pratyushi-and-vedant,1600,1065,241309
source/images/photos/pratyushi-and-vedant/038-Untitled-1.jpg,https://frozenvibes.in/wp-content/gallery/pratyushi-and-vedaant/Untitled-1.jpg,photos/pratyushi-and-vedant,960,1200,106989
source/images/photos/pratyushi-and-vedant/039-Untitled-1copy.jpg,https://frozenvibes.in/wp-content/gallery/pratyushi-and-vedaant/Untitled-1copy.jpg,photos/pratyushi-and-vedant,960,1200,148439
source/images/photos/pratyushi-and-vedant/040-Untitled-1copy2.jpg,https://frozenvibes.in/wp-content/gallery/pratyushi-and-vedaant/Untitled-1copy2.jpg,photos/pratyushi-and-vedant,960,1200,144817
source/images/photos/pratyushi-and-vedant/041-Untitled-3copy.jpg,https://frozenvibes.in/wp-content/gallery/pratyushi-and-vedaant/Untitled-3copy.jpg,photos/pratyushi-and-vedant,960,1200,155521
source/images/photos/pratyushi-and-vedant/042-Untitled-2.jpg,https://frozenvibes.in/wp-content/gallery/pratyushi-and-vedaant/Untitled-2.jpg,photos/pratyushi-and-vedant,960,1200,227649
source/images/photos/divya-and-chaitanya/001-FRV_2067.jpg,https://frozenvibes.in/wp-content/gallery/divya-and-chaitanya/FRV_2067.jpg,photos/divya-and-chaitanya,798,1200,67876
source/images/photos/divya-and-chaitanya/002-99A4977.jpg,https://frozenvibes.in/wp-content/gallery/divya-and-chaitanya/99A4977.jpg,photos/divya-and-chaitanya,960,1200,140151
source/images/photos/divya-and-chaitanya/003-99A4977-2.jpg,https://frozenvibes.in/wp-content/gallery/divya-and-chaitanya/99A4977-2.jpg,photos/divya-and-chaitanya,960,1200,138991
source/images/photos/divya-and-chaitanya/004-99A4976.jpg,https://frozenvibes.in/wp-content/gallery/divya-and-chaitanya/99A4976.jpg,photos/divya-and-chaitanya,1600,1067,311781
source/images/photos/divya-and-chaitanya/005-DJI_20240421052704_0015_D.jpg,https://frozenvibes.in/wp-content/gallery/divya-and-chaitanya/DJI_20240421052704_0015_D.jpg,photos/divya-and-chaitanya,975,1200,127705
source/images/photos/divya-and-chaitanya/006-99A6087.jpg,https://frozenvibes.in/wp-content/gallery/divya-and-chaitanya/99A6087.jpg,photos/divya-and-chaitanya,1600,1067,321003
source/images/photos/divya-and-chaitanya/007-FRV_2093.jpg,https://frozenvibes.in/wp-content/gallery/divya-and-chaitanya/FRV_2093.jpg,photos/divya-and-chaitanya,798,1200,132820
source/images/photos/divya-and-chaitanya/008-FRV_2107.jpg,https://frozenvibes.in/wp-content/gallery/divya-and-chaitanya/FRV_2107.jpg,photos/divya-and-chaitanya,798,1200,82408
source/images/photos/divya-and-chaitanya/009-FRV_2178.jpg,https://frozenvibes.in/wp-content/gallery/divya-and-chaitanya/FRV_2178.jpg,photos/divya-and-chaitanya,798,1200,135148
source/images/photos/divya-and-chaitanya/010-FRV_2214.jpg,https://frozenvibes.in/wp-content/gallery/divya-and-chaitanya/FRV_2214.jpg,photos/divya-and-chaitanya,1600,1065,215142
source/images/photos/divya-and-chaitanya/011-FRV_2220.jpg,https://frozenvibes.in/wp-content/gallery/divya-and-chaitanya/FRV_2220.jpg,photos/divya-and-chaitanya,908,1200,136443
source/images/photos/divya-and-chaitanya/012-FRV_2635.jpg,https://frozenvibes.in/wp-content/gallery/divya-and-chaitanya/FRV_2635.jpg,photos/divya-and-chaitanya,798,1200,143421
source/images/photos/divya-and-chaitanya/013-FRV_2645.jpg,https://frozenvibes.in/wp-content/gallery/divya-and-chaitanya/FRV_2645.jpg,photos/divya-and-chaitanya,798,1200,136026
source/images/photos/divya-and-chaitanya/014-FRV_3811.jpg,https://frozenvibes.in/wp-content/gallery/divya-and-chaitanya/FRV_3811.jpg,photos/divya-and-chaitanya,1600,1065,216852
source/images/photos/divya-and-chaitanya/015-FRV_3783.jpg,https://frozenvibes.in/wp-content/gallery/divya-and-chaitanya/FRV_3783.jpg,photos/divya-and-chaitanya,814,1200,204314
source/images/photos/divya-and-chaitanya/016-FRV_3878.jpg,https://frozenvibes.in/wp-content/gallery/divya-and-chaitanya/FRV_3878.jpg,photos/divya-and-chaitanya,960,1200,163315
source/images/photos/divya-and-chaitanya/017-FRV_3894.jpg,https://frozenvibes.in/wp-content/gallery/divya-and-chaitanya/FRV_3894.jpg,photos/divya-and-chaitanya,960,1200,83203
source/images/photos/divya-and-chaitanya/018-FRV_3832.jpg,https://frozenvibes.in/wp-content/gallery/divya-and-chaitanya/FRV_3832.jpg,photos/divya-and-chaitanya,798,1200,175240
source/images/photos/divya-and-chaitanya/019-FRV_3928.jpg,https://frozenvibes.in/wp-content/gallery/divya-and-chaitanya/FRV_3928.jpg,photos/divya-and-chaitanya,1600,1065,251448
source/images/photos/divya-and-chaitanya/020-FRV_3929.jpg,https://frozenvibes.in/wp-content/gallery/divya-and-chaitanya/FRV_3929.jpg,photos/divya-and-chaitanya,1600,1065,235488
source/images/photos/divya-and-chaitanya/021-FRV_3930.jpg,https://frozenvibes.in/wp-content/gallery/divya-and-chaitanya/FRV_3930.jpg,photos/divya-and-chaitanya,798,1200,117852
source/images/photos/divya-and-chaitanya/022-FRV_3954.jpg,https://frozenvibes.in/wp-content/gallery/divya-and-chaitanya/FRV_3954.jpg,photos/divya-and-chaitanya,1600,1065,246762
source/images/photos/divya-and-chaitanya/023-FRV_3954-2.jpg,https://frozenvibes.in/wp-content/gallery/divya-and-chaitanya/FRV_3954-2.jpg,photos/divya-and-chaitanya,1600,1065,247884
source/images/photos/divya-and-chaitanya/024-FRV_3963.jpg,https://frozenvibes.in/wp-content/gallery/divya-and-chaitanya/FRV_3963.jpg,photos/divya-and-chaitanya,798,1200,125963
source/images/photos/divya-and-chaitanya/025-FRV_4017.jpg,https://frozenvibes.in/wp-content/gallery/divya-and-chaitanya/FRV_4017.jpg,photos/divya-and-chaitanya,798,1200,209769
source/images/photos/divya-and-chaitanya/026-FRV_4116.jpg,https://frozenvibes.in/wp-content/gallery/divya-and-chaitanya/FRV_4116.jpg,photos/divya-and-chaitanya,798,1200,142042
source/images/photos/divya-and-chaitanya/027-FRV_4139.jpg,https://frozenvibes.in/wp-content/gallery/divya-and-chaitanya/FRV_4139.jpg,photos/divya-and-chaitanya,960,1200,184177
source/images/photos/divya-and-chaitanya/028-FRV_4169.jpg,https://frozenvibes.in/wp-content/gallery/divya-and-chaitanya/FRV_4169.jpg,photos/divya-and-chaitanya,1600,1065,363972
source/images/photos/divya-and-chaitanya/029-FRV_4174.jpg,https://frozenvibes.in/wp-content/gallery/divya-and-chaitanya/FRV_4174.jpg,photos/divya-and-chaitanya,1600,1065,381873
source/images/photos/divya-and-chaitanya/030-FRV_4493.jpg,https://frozenvibes.in/wp-content/gallery/divya-and-chaitanya/FRV_4493.jpg,photos/divya-and-chaitanya,798,1200,151458
source/images/photos/divya-and-chaitanya/031-FRV_4493-2.jpg,https://frozenvibes.in/wp-content/gallery/divya-and-chaitanya/FRV_4493-2.jpg,photos/divya-and-chaitanya,798,1200,152084
source/images/photos/divya-and-chaitanya/032-FRV_4572.jpg,https://frozenvibes.in/wp-content/gallery/divya-and-chaitanya/FRV_4572.jpg,photos/divya-and-chaitanya,1600,1065,238193
source/images/photos/divya-and-chaitanya/033-FRV_4705.jpg,https://frozenvibes.in/wp-content/gallery/divya-and-chaitanya/FRV_4705.jpg,photos/divya-and-chaitanya,798,1200,139457
source/images/photos/divya-and-chaitanya/034-FRV_4711.jpg,https://frozenvibes.in/wp-content/gallery/divya-and-chaitanya/FRV_4711.jpg,photos/divya-and-chaitanya,1600,1065,162709
source/images/photos/divya-and-chaitanya/035-FRV_4736.jpg,https://frozenvibes.in/wp-content/gallery/divya-and-chaitanya/FRV_4736.jpg,photos/divya-and-chaitanya,1600,1065,237666
source/images/photos/divya-and-chaitanya/036-FRV_4819.jpg,https://frozenvibes.in/wp-content/gallery/divya-and-chaitanya/FRV_4819.jpg,photos/divya-and-chaitanya,798,1200,125178
source/images/photos/divya-and-chaitanya/037-FRV_4831.jpg,https://frozenvibes.in/wp-content/gallery/divya-and-chaitanya/FRV_4831.jpg,photos/divya-and-chaitanya,798,1200,145201
source/images/photos/divya-and-chaitanya/038-FRV_4832.jpg,https://frozenvibes.in/wp-content/gallery/divya-and-chaitanya/FRV_4832.jpg,photos/divya-and-chaitanya,798,1200,142258
source/images/photos/divya-and-chaitanya/039-FRV_4832-2.jpg,https://frozenvibes.in/wp-content/gallery/divya-and-chaitanya/FRV_4832-2.jpg,photos/divya-and-chaitanya,798,1200,143073
source/images/photos/divya-and-chaitanya/040-FRV_4838.jpg,https://frozenvibes.in/wp-content/gallery/divya-and-chaitanya/FRV_4838.jpg,photos/divya-and-chaitanya,798,1200,148563
source/images/photos/divya-and-chaitanya/041-FRV_4871.jpg,https://frozenvibes.in/wp-content/gallery/divya-and-chaitanya/FRV_4871.jpg,photos/divya-and-chaitanya,1600,1065,247918
source/images/photos/divya-and-chaitanya/042-FRV_5044.jpg,https://frozenvibes.in/wp-content/gallery/divya-and-chaitanya/FRV_5044.jpg,photos/divya-and-chaitanya,1600,1065,348605
source/images/photos/divya-and-chaitanya/043-FRV_4992.jpg,https://frozenvibes.in/wp-content/gallery/divya-and-chaitanya/FRV_4992.jpg,photos/divya-and-chaitanya,798,1200,154474
source/images/photos/divya-and-chaitanya/044-FRV_5952.jpg,https://frozenvibes.in/wp-content/gallery/divya-and-chaitanya/FRV_5952.jpg,photos/divya-and-chaitanya,1600,1065,211962
source/images/photos/divya-and-chaitanya/045-FRV_5062.jpg,https://frozenvibes.in/wp-content/gallery/divya-and-chaitanya/FRV_5062.jpg,photos/divya-and-chaitanya,916,1200,195476
source/images/photos/divya-and-chaitanya/046-FRV_6014.jpg,https://frozenvibes.in/wp-content/gallery/divya-and-chaitanya/FRV_6014.jpg,photos/divya-and-chaitanya,798,1200,186483
source/images/photos/divya-and-chaitanya/047-FRV_6014-2.jpg,https://frozenvibes.in/wp-content/gallery/divya-and-chaitanya/FRV_6014-2.jpg,photos/divya-and-chaitanya,798,1200,187425
source/images/photos/divya-and-chaitanya/048-FRV_6155.jpg,https://frozenvibes.in/wp-content/gallery/divya-and-chaitanya/FRV_6155.jpg,photos/divya-and-chaitanya,1600,1065,189436
source/images/photos/divya-and-chaitanya/049-FRV_6163.jpg,https://frozenvibes.in/wp-content/gallery/divya-and-chaitanya/FRV_6163.jpg,photos/divya-and-chaitanya,960,1200,124300
source/images/photos/divya-and-chaitanya/050-FRV_6713.jpg,https://frozenvibes.in/wp-content/gallery/divya-and-chaitanya/FRV_6713.jpg,photos/divya-and-chaitanya,1600,1065,207284
source/images/photos/divya-and-chaitanya/051-FRV_6735.jpg,https://frozenvibes.in/wp-content/gallery/divya-and-chaitanya/FRV_6735.jpg,photos/divya-and-chaitanya,798,1200,158195
source/images/photos/divya-and-chaitanya/052-FRV_6747.jpg,https://frozenvibes.in/wp-content/gallery/divya-and-chaitanya/FRV_6747.jpg,photos/divya-and-chaitanya,1600,1065,259016
source/images/photos/divya-and-chaitanya/053-FRV_6800.jpg,https://frozenvibes.in/wp-content/gallery/divya-and-chaitanya/FRV_6800.jpg,photos/divya-and-chaitanya,1600,1065,274291
source/images/photos/divya-and-chaitanya/054-FRV_6812.jpg,https://frozenvibes.in/wp-content/gallery/divya-and-chaitanya/FRV_6812.jpg,photos/divya-and-chaitanya,1600,1053,114891
source/images/photos/divya-and-chaitanya/055-FRV_6951.jpg,https://frozenvibes.in/wp-content/gallery/divya-and-chaitanya/FRV_6951.jpg,photos/divya-and-chaitanya,1600,1065,258110
source/images/photos/divya-and-chaitanya/056-FRV_6959.jpg,https://frozenvibes.in/wp-content/gallery/divya-and-chaitanya/FRV_6959.jpg,photos/divya-and-chaitanya,1600,1065,250700
source/images/photos/divya-and-chaitanya/057-FRV_6991.jpg,https://frozenvibes.in/wp-content/gallery/divya-and-chaitanya/FRV_6991.jpg,photos/divya-and-chaitanya,1600,1065,268368
source/images/photos/divya-and-chaitanya/058-FRV_7049.jpg,https://frozenvibes.in/wp-content/gallery/divya-and-chaitanya/FRV_7049.jpg,photos/divya-and-chaitanya,1600,1065,286779
source/images/photos/divya-and-chaitanya/059-FRV_7065.jpg,https://frozenvibes.in/wp-content/gallery/divya-and-chaitanya/FRV_7065.jpg,photos/divya-and-chaitanya,1600,1065,225389
source/images/photos/divya-and-chaitanya/060-FRV_7067.jpg,https://frozenvibes.in/wp-content/gallery/divya-and-chaitanya/FRV_7067.jpg,photos/divya-and-chaitanya,1600,1065,226418
source/images/photos/divya-and-chaitanya/061-FRV_7179.jpg,https://frozenvibes.in/wp-content/gallery/divya-and-chaitanya/FRV_7179.jpg,photos/divya-and-chaitanya,1600,1065,163169
source/images/photos/divya-and-chaitanya/062-FRV_7201.jpg,https://frozenvibes.in/wp-content/gallery/divya-and-chaitanya/FRV_7201.jpg,photos/divya-and-chaitanya,1600,1065,269694
source/images/photos/divya-and-chaitanya/063-FRV_7210.jpg,https://frozenvibes.in/wp-content/gallery/divya-and-chaitanya/FRV_7210.jpg,photos/divya-and-chaitanya,798,1200,151832
source/images/photos/divya-and-chaitanya/064-FRV_7314.jpg,https://frozenvibes.in/wp-content/gallery/divya-and-chaitanya/FRV_7314.jpg,photos/divya-and-chaitanya,1600,1065,280837
source/images/photos/divya-and-chaitanya/065-FRV_7364.jpg,https://frozenvibes.in/wp-content/gallery/divya-and-chaitanya/FRV_7364.jpg,photos/divya-and-chaitanya,798,1200,122465
source/images/photos/divya-and-chaitanya/066-FRV_7458.jpg,https://frozenvibes.in/wp-content/gallery/divya-and-chaitanya/FRV_7458.jpg,photos/divya-and-chaitanya,960,1200,140329
source/images/photos/divya-and-chaitanya/067-FRV_7498.jpg,https://frozenvibes.in/wp-content/gallery/divya-and-chaitanya/FRV_7498.jpg,photos/divya-and-chaitanya,1600,1065,265217
source/images/photos/divya-and-chaitanya/068-FRV_7498-2.jpg,https://frozenvibes.in/wp-content/gallery/divya-and-chaitanya/FRV_7498-2.jpg,photos/divya-and-chaitanya,1600,1065,266041
source/images/photos/divya-and-chaitanya/069-FRV_7514.jpg,https://frozenvibes.in/wp-content/gallery/divya-and-chaitanya/FRV_7514.jpg,photos/divya-and-chaitanya,1600,1065,291616
source/images/photos/divya-and-chaitanya/070-FRV_7520.jpg,https://frozenvibes.in/wp-content/gallery/divya-and-chaitanya/FRV_7520.jpg,photos/divya-and-chaitanya,798,1200,136571
source/images/photos/divya-and-chaitanya/071-FRV_7521.jpg,https://frozenvibes.in/wp-content/gallery/divya-and-chaitanya/FRV_7521.jpg,photos/divya-and-chaitanya,798,1200,138506
source/images/photos/divya-and-chaitanya/072-FRV_7573.jpg,https://frozenvibes.in/wp-content/gallery/divya-and-chaitanya/FRV_7573.jpg,photos/divya-and-chaitanya,960,1200,148278
source/images/photos/divya-and-chaitanya/073-FRV_9591.jpg,https://frozenvibes.in/wp-content/gallery/divya-and-chaitanya/FRV_9591.jpg,photos/divya-and-chaitanya,1600,1065,387911
source/images/photos/divya-and-chaitanya/074-FRV_9675-Enhanced-NR.jpg,https://frozenvibes.in/wp-content/gallery/divya-and-chaitanya/FRV_9675-Enhanced-NR.jpg,photos/divya-and-chaitanya,798,1200,167682
source/images/photos/divya-and-chaitanya/075-FRV_9880.jpg,https://frozenvibes.in/wp-content/gallery/divya-and-chaitanya/FRV_9880.jpg,photos/divya-and-chaitanya,960,1200,107036
source/images/photos/divya-and-chaitanya/076-FRV_9904.jpg,https://frozenvibes.in/wp-content/gallery/divya-and-chaitanya/FRV_9904.jpg,photos/divya-and-chaitanya,1600,1065,245071
source/images/photos/divya-and-chaitanya/077-FRV_9991.jpg,https://frozenvibes.in/wp-content/gallery/divya-and-chaitanya/FRV_9991.jpg,photos/divya-and-chaitanya,960,1200,173932
source/images/photos/divya-and-chaitanya/078-Untitled-1.jpg,https://frozenvibes.in/wp-content/gallery/divya-and-chaitanya/Untitled-1.jpg,photos/divya-and-chaitanya,960,1200,174569
source/images/photos/divya-and-chaitanya/079-Untitled-1-2.jpg,https://frozenvibes.in/wp-content/gallery/divya-and-chaitanya/Untitled-1-2.jpg,photos/divya-and-chaitanya,960,1200,187857
source/images/photos/divya-and-chaitanya/080-Untitled-2.jpg,https://frozenvibes.in/wp-content/gallery/divya-and-chaitanya/Untitled-2.jpg,photos/divya-and-chaitanya,960,1200,169245
source/images/photos/divya-and-chaitanya/081-Untitled-3.jpg,https://frozenvibes.in/wp-content/gallery/divya-and-chaitanya/Untitled-3.jpg,photos/divya-and-chaitanya,960,1200,203085
source/images/photos/sunaina-and-dan/001-99A0121.jpg,https://frozenvibes.in/wp-content/gallery/sunaina-and-dan/99A0121.jpg,photos/sunaina-and-dan,800,1200,92810
source/images/photos/sunaina-and-dan/002-99A0341.jpg,https://frozenvibes.in/wp-content/gallery/sunaina-and-dan/99A0341.jpg,photos/sunaina-and-dan,1600,1067,210637
source/images/photos/sunaina-and-dan/003-99A0228.jpg,https://frozenvibes.in/wp-content/gallery/sunaina-and-dan/99A0228.jpg,photos/sunaina-and-dan,1600,1067,228972
source/images/photos/sunaina-and-dan/004-99A0301.jpg,https://frozenvibes.in/wp-content/gallery/sunaina-and-dan/99A0301.jpg,photos/sunaina-and-dan,1600,1067,257076
source/images/photos/sunaina-and-dan/005-99A0005.jpg,https://frozenvibes.in/wp-content/gallery/sunaina-and-dan/99A0005.jpg,photos/sunaina-and-dan,1600,1067,429519
source/images/photos/sunaina-and-dan/006-99A0018.jpg,https://frozenvibes.in/wp-content/gallery/sunaina-and-dan/99A0018.jpg,photos/sunaina-and-dan,1600,1067,486508
source/images/photos/sunaina-and-dan/007-99A0352.jpg,https://frozenvibes.in/wp-content/gallery/sunaina-and-dan/99A0352.jpg,photos/sunaina-and-dan,1600,1067,204149
source/images/photos/sunaina-and-dan/008-99A0355.jpg,https://frozenvibes.in/wp-content/gallery/sunaina-and-dan/99A0355.jpg,photos/sunaina-and-dan,1600,1067,205179
source/images/photos/sunaina-and-dan/009-99A0511.jpg,https://frozenvibes.in/wp-content/gallery/sunaina-and-dan/99A0511.jpg,photos/sunaina-and-dan,1600,1067,169652
source/images/photos/sunaina-and-dan/010-99A0686.jpg,https://frozenvibes.in/wp-content/gallery/sunaina-and-dan/99A0686.jpg,photos/sunaina-and-dan,1600,1067,352005
source/images/photos/sunaina-and-dan/011-99A0691.jpg,https://frozenvibes.in/wp-content/gallery/sunaina-and-dan/99A0691.jpg,photos/sunaina-and-dan,1600,1067,306546
source/images/photos/sunaina-and-dan/012-99A0720.jpg,https://frozenvibes.in/wp-content/gallery/sunaina-and-dan/99A0720.jpg,photos/sunaina-and-dan,1600,1067,381239
source/images/photos/sunaina-and-dan/013-99A0768.jpg,https://frozenvibes.in/wp-content/gallery/sunaina-and-dan/99A0768.jpg,photos/sunaina-and-dan,1600,1067,333391
source/images/photos/sunaina-and-dan/014-99A0837.jpg,https://frozenvibes.in/wp-content/gallery/sunaina-and-dan/99A0837.jpg,photos/sunaina-and-dan,1600,1067,327372
source/images/photos/sunaina-and-dan/015-99A0846.jpg,https://frozenvibes.in/wp-content/gallery/sunaina-and-dan/99A0846.jpg,photos/sunaina-and-dan,1600,1067,266113
source/images/photos/sunaina-and-dan/016-99A0869.jpg,https://frozenvibes.in/wp-content/gallery/sunaina-and-dan/99A0869.jpg,photos/sunaina-and-dan,1600,1067,319806
source/images/photos/sunaina-and-dan/017-99A0874.jpg,https://frozenvibes.in/wp-content/gallery/sunaina-and-dan/99A0874.jpg,photos/sunaina-and-dan,1600,1067,314516
source/images/photos/sunaina-and-dan/018-99A1178.jpg,https://frozenvibes.in/wp-content/gallery/sunaina-and-dan/99A1178.jpg,photos/sunaina-and-dan,1600,1067,436378
source/images/photos/sunaina-and-dan/019-99A1177.jpg,https://frozenvibes.in/wp-content/gallery/sunaina-and-dan/99A1177.jpg,photos/sunaina-and-dan,1600,1067,470367
source/images/photos/sunaina-and-dan/020-99A1180.jpg,https://frozenvibes.in/wp-content/gallery/sunaina-and-dan/99A1180.jpg,photos/sunaina-and-dan,1600,1067,357972
source/images/photos/sunaina-and-dan/021-99A1361.jpg,https://frozenvibes.in/wp-content/gallery/sunaina-and-dan/99A1361.jpg,photos/sunaina-and-dan,1600,1067,312519
source/images/photos/sunaina-and-dan/022-99A1610.jpg,https://frozenvibes.in/wp-content/gallery/sunaina-and-dan/99A1610.jpg,photos/sunaina-and-dan,1600,1067,234729
source/images/photos/sunaina-and-dan/023-99A1572.jpg,https://frozenvibes.in/wp-content/gallery/sunaina-and-dan/99A1572.jpg,photos/sunaina-and-dan,1600,1067,293301
source/images/photos/sunaina-and-dan/024-99A1647.jpg,https://frozenvibes.in/wp-content/gallery/sunaina-and-dan/99A1647.jpg,photos/sunaina-and-dan,1600,1067,303510
source/images/photos/sunaina-and-dan/025-99A1866.jpg,https://frozenvibes.in/wp-content/gallery/sunaina-and-dan/99A1866.jpg,photos/sunaina-and-dan,800,1200,146197
source/images/photos/sunaina-and-dan/026-99A1904.jpg,https://frozenvibes.in/wp-content/gallery/sunaina-and-dan/99A1904.jpg,photos/sunaina-and-dan,1600,1067,294361
source/images/photos/sunaina-and-dan/027-99A8625.jpg,https://frozenvibes.in/wp-content/gallery/sunaina-and-dan/99A8625.jpg,photos/sunaina-and-dan,1600,1067,256271
source/images/photos/sunaina-and-dan/028-99A8834.jpg,https://frozenvibes.in/wp-content/gallery/sunaina-and-dan/99A8834.jpg,photos/sunaina-and-dan,1600,1067,235418
source/images/photos/sunaina-and-dan/029-99A9999.jpg,https://frozenvibes.in/wp-content/gallery/sunaina-and-dan/99A9999.jpg,photos/sunaina-and-dan,800,1200,160166
source/images/photos/sunaina-and-dan/030-7ds.jpg,https://frozenvibes.in/wp-content/gallery/sunaina-and-dan/7ds.jpg,photos/sunaina-and-dan,1600,900,207912
source/images/photos/sunaina-and-dan/031-5ds.jpg,https://frozenvibes.in/wp-content/gallery/sunaina-and-dan/5ds.jpg,photos/sunaina-and-dan,1600,900,244238
source/images/photos/sunaina-and-dan/032-8ds.jpg,https://frozenvibes.in/wp-content/gallery/sunaina-and-dan/8ds.jpg,photos/sunaina-and-dan,1600,900,213896
source/images/photos/sunaina-and-dan/033-9ds.jpg,https://frozenvibes.in/wp-content/gallery/sunaina-and-dan/9ds.jpg,photos/sunaina-and-dan,1600,900,283435
source/images/photos/sunaina-and-dan/034-11ds.jpg,https://frozenvibes.in/wp-content/gallery/sunaina-and-dan/11ds.jpg,photos/sunaina-and-dan,1600,900,402472
source/images/photos/sunaina-and-dan/035-12ds.jpg,https://frozenvibes.in/wp-content/gallery/sunaina-and-dan/12ds.jpg,photos/sunaina-and-dan,1600,900,360333
source/images/photos/sunaina-and-dan/036-13ds.jpg,https://frozenvibes.in/wp-content/gallery/sunaina-and-dan/13ds.jpg,photos/sunaina-and-dan,1600,900,237567
source/images/photos/sunaina-and-dan/037-ABJ_0361.jpg,https://frozenvibes.in/wp-content/gallery/sunaina-and-dan/ABJ_0361.jpg,photos/sunaina-and-dan,1600,1065,213875
source/images/photos/sunaina-and-dan/038-ABJ_0589.jpg,https://frozenvibes.in/wp-content/gallery/sunaina-and-dan/ABJ_0589.jpg,photos/sunaina-and-dan,1600,1065,307438
source/images/photos/sunaina-and-dan/039-ABJ_0591.jpg,https://frozenvibes.in/wp-content/gallery/sunaina-and-dan/ABJ_0591.jpg,photos/sunaina-and-dan,1600,1065,320361
source/images/photos/sunaina-and-dan/040-ABJ_0905.jpg,https://frozenvibes.in/wp-content/gallery/sunaina-and-dan/ABJ_0905.jpg,photos/sunaina-and-dan,1600,1065,195295
source/images/photos/sunaina-and-dan/041-ABJ_0718-Enhanced-NR.jpg,https://frozenvibes.in/wp-content/gallery/sunaina-and-dan/ABJ_0718-Enhanced-NR.jpg,photos/sunaina-and-dan,1600,1065,324540
source/images/photos/sunaina-and-dan/042-ABJ_0932-Enhanced-NR.jpg,https://frozenvibes.in/wp-content/gallery/sunaina-and-dan/ABJ_0932-Enhanced-NR.jpg,photos/sunaina-and-dan,1600,1065,292376
source/images/photos/sunaina-and-dan/043-ABJ_0938-Enhanced-NR.jpg,https://frozenvibes.in/wp-content/gallery/sunaina-and-dan/ABJ_0938-Enhanced-NR.jpg,photos/sunaina-and-dan,1600,1065,278892
source/images/photos/sunaina-and-dan/044-ABJ_1129-Enhanced-NR.jpg,https://frozenvibes.in/wp-content/gallery/sunaina-and-dan/ABJ_1129-Enhanced-NR.jpg,photos/sunaina-and-dan,1600,1065,204074
source/images/photos/sunaina-and-dan/045-ABJ_0967.jpg,https://frozenvibes.in/wp-content/gallery/sunaina-and-dan/ABJ_0967.jpg,photos/sunaina-and-dan,1600,1065,236573
source/images/photos/sunaina-and-dan/046-barat.jpg,https://frozenvibes.in/wp-content/gallery/sunaina-and-dan/barat.jpg,photos/sunaina-and-dan,959,1200,88942
source/images/photos/sunaina-and-dan/047-centerinsta.jpg,https://frozenvibes.in/wp-content/gallery/sunaina-and-dan/centerinsta.jpg,photos/sunaina-and-dan,960,1200,232299
source/images/photos/sunaina-and-dan/048-DJI_0089.jpg,https://frozenvibes.in/wp-content/gallery/sunaina-and-dan/DJI_0089.jpg,photos/sunaina-and-dan,1600,900,206097
source/images/photos/sunaina-and-dan/049-DJI_0094.jpg,https://frozenvibes.in/wp-content/gallery/sunaina-and-dan/DJI_0094.jpg,photos/sunaina-and-dan,1600,900,208449
source/images/photos/sunaina-and-dan/050-DSC_5987.jpg,https://frozenvibes.in/wp-content/gallery/sunaina-and-dan/DSC_5987.jpg,photos/sunaina-and-dan,1600,1065,337716
source/images/photos/sunaina-and-dan/051-DSC_6099.jpg,https://frozenvibes.in/wp-content/gallery/sunaina-and-dan/DSC_6099.jpg,photos/sunaina-and-dan,1600,1065,317182
source/images/photos/sunaina-and-dan/052-DSC_6100.jpg,https://frozenvibes.in/wp-content/gallery/sunaina-and-dan/DSC_6100.jpg,photos/sunaina-and-dan,1600,1065,337293
source/images/photos/sunaina-and-dan/053-DSC_6142.jpg,https://frozenvibes.in/wp-content/gallery/sunaina-and-dan/DSC_6142.jpg,photos/sunaina-and-dan,1600,1065,405146
source/images/photos/sunaina-and-dan/054-DSC_6344.jpg,https://frozenvibes.in/wp-content/gallery/sunaina-and-dan/DSC_6344.jpg,photos/sunaina-and-dan,1600,1065,260891
source/images/photos/sunaina-and-dan/055-DSC_6321.jpg,https://frozenvibes.in/wp-content/gallery/sunaina-and-dan/DSC_6321.jpg,photos/sunaina-and-dan,1600,1065,295559
source/images/photos/sunaina-and-dan/056-DSC_6378.jpg,https://frozenvibes.in/wp-content/gallery/sunaina-and-dan/DSC_6378.jpg,photos/sunaina-and-dan,1600,1065,278467
source/images/photos/sunaina-and-dan/057-DSC_6422.jpg,https://frozenvibes.in/wp-content/gallery/sunaina-and-dan/DSC_6422.jpg,photos/sunaina-and-dan,1600,1065,363284
source/images/photos/sunaina-and-dan/058-DSC_6433.jpg,https://frozenvibes.in/wp-content/gallery/sunaina-and-dan/DSC_6433.jpg,photos/sunaina-and-dan,1600,1065,371738
source/images/photos/sunaina-and-dan/059-DSC_6675.jpg,https://frozenvibes.in/wp-content/gallery/sunaina-and-dan/DSC_6675.jpg,photos/sunaina-and-dan,1600,1065,418257
source/images/photos/sunaina-and-dan/060-DSC_6720.jpg,https://frozenvibes.in/wp-content/gallery/sunaina-and-dan/DSC_6720.jpg,photos/sunaina-and-dan,1600,1065,380068
source/images/photos/sunaina-and-dan/061-DSC_6720-2.jpg,https://frozenvibes.in/wp-content/gallery/sunaina-and-dan/DSC_6720-2.jpg,photos/sunaina-and-dan,960,1200,310367
source/images/photos/sunaina-and-dan/062-DSC_6797.jpg,https://frozenvibes.in/wp-content/gallery/sunaina-and-dan/DSC_6797.jpg,photos/sunaina-and-dan,1600,1065,276708
source/images/photos/sunaina-and-dan/063-DSC_6801.jpg,https://frozenvibes.in/wp-content/gallery/sunaina-and-dan/DSC_6801.jpg,photos/sunaina-and-dan,1600,1065,240107
source/images/photos/sunaina-and-dan/064-DSC_6801-2.jpg,https://frozenvibes.in/wp-content/gallery/sunaina-and-dan/DSC_6801-2.jpg,photos/sunaina-and-dan,960,1200,171424
source/images/photos/sunaina-and-dan/065-DSC_6840.jpg,https://frozenvibes.in/wp-content/gallery/sunaina-and-dan/DSC_6840.jpg,photos/sunaina-and-dan,1600,1065,189192
source/images/photos/sunaina-and-dan/066-DSC_6840-2.jpg,https://frozenvibes.in/wp-content/gallery/sunaina-and-dan/DSC_6840-2.jpg,photos/sunaina-and-dan,960,1200,146757
source/images/photos/sunaina-and-dan/067-DSC_6853.jpg,https://frozenvibes.in/wp-content/gallery/sunaina-and-dan/DSC_6853.jpg,photos/sunaina-and-dan,1600,1065,186143
source/images/photos/sunaina-and-dan/068-DSC_6886.jpg,https://frozenvibes.in/wp-content/gallery/sunaina-and-dan/DSC_6886.jpg,photos/sunaina-and-dan,960,1200,143074
source/images/photos/sunaina-and-dan/069-DSC_6885.jpg,https://frozenvibes.in/wp-content/gallery/sunaina-and-dan/DSC_6885.jpg,photos/sunaina-and-dan,960,1200,158848
source/images/photos/sunaina-and-dan/070-DSC_6914.jpg,https://frozenvibes.in/wp-content/gallery/sunaina-and-dan/DSC_6914.jpg,photos/sunaina-and-dan,798,1200,125566
source/images/photos/sunaina-and-dan/071-DSC_6895.jpg,https://frozenvibes.in/wp-content/gallery/sunaina-and-dan/DSC_6895.jpg,photos/sunaina-and-dan,798,1200,151261
source/images/photos/sunaina-and-dan/072-DSC_6914-2.jpg,https://frozenvibes.in/wp-content/gallery/sunaina-and-dan/DSC_6914-2.jpg,photos/sunaina-and-dan,960,1200,131310
source/images/photos/sunaina-and-dan/073-DSC_6978.jpg,https://frozenvibes.in/wp-content/gallery/sunaina-and-dan/DSC_6978.jpg,photos/sunaina-and-dan,960,1200,206423
source/images/photos/sunaina-and-dan/074-DSC_7093.jpg,https://frozenvibes.in/wp-content/gallery/sunaina-and-dan/DSC_7093.jpg,photos/sunaina-and-dan,1600,1065,176078
source/images/photos/sunaina-and-dan/075-DSC_7484.jpg,https://frozenvibes.in/wp-content/gallery/sunaina-and-dan/DSC_7484.jpg,photos/sunaina-and-dan,1600,900,184135
source/images/photos/sunaina-and-dan/076-DSC_6955.jpg,https://frozenvibes.in/wp-content/gallery/sunaina-and-dan/DSC_6955.jpg,photos/sunaina-and-dan,1600,1065,427876
source/images/photos/sunaina-and-dan/077-DSC_6936.jpg,https://frozenvibes.in/wp-content/gallery/sunaina-and-dan/DSC_6936.jpg,photos/sunaina-and-dan,1600,1065,432296
source/images/photos/sunaina-and-dan/078-DSC_7453.jpg,https://frozenvibes.in/wp-content/gallery/sunaina-and-dan/DSC_7453.jpg,photos/sunaina-and-dan,1600,1065,251513
source/images/photos/sunaina-and-dan/079-DSC_7484-2.jpg,https://frozenvibes.in/wp-content/gallery/sunaina-and-dan/DSC_7484-2.jpg,photos/sunaina-and-dan,1600,1065,222531
source/images/photos/sunaina-and-dan/080-DSC_7753.jpg,https://frozenvibes.in/wp-content/gallery/sunaina-and-dan/DSC_7753.jpg,photos/sunaina-and-dan,1600,1065,196371
source/images/photos/sunaina-and-dan/081-DSC_7797.jpg,https://frozenvibes.in/wp-content/gallery/sunaina-and-dan/DSC_7797.jpg,photos/sunaina-and-dan,798,1200,153626
source/images/photos/sunaina-and-dan/082-FRV_0073.jpg,https://frozenvibes.in/wp-content/gallery/sunaina-and-dan/FRV_0073.jpg,photos/sunaina-and-dan,1600,1065,212489
source/images/photos/sunaina-and-dan/083-FRV_0102.jpg,https://frozenvibes.in/wp-content/gallery/sunaina-and-dan/FRV_0102.jpg,photos/sunaina-and-dan,798,1200,105149
source/images/photos/sunaina-and-dan/084-FRV_0110.jpg,https://frozenvibes.in/wp-content/gallery/sunaina-and-dan/FRV_0110.jpg,photos/sunaina-and-dan,798,1200,98729
source/images/photos/sunaina-and-dan/085-FRV_0150.jpg,https://frozenvibes.in/wp-content/gallery/sunaina-and-dan/FRV_0150.jpg,photos/sunaina-and-dan,1600,900,290383
source/images/photos/sunaina-and-dan/086-FRV_0165.jpg,https://frozenvibes.in/wp-content/gallery/sunaina-and-dan/FRV_0165.jpg,photos/sunaina-and-dan,1600,1065,394491
source/images/photos/sunaina-and-dan/087-FRV_0170.jpg,https://frozenvibes.in/wp-content/gallery/sunaina-and-dan/FRV_0170.jpg,photos/sunaina-and-dan,1600,1065,327727
source/images/photos/sunaina-and-dan/088-FRV_0217.jpg,https://frozenvibes.in/wp-content/gallery/sunaina-and-dan/FRV_0217.jpg,photos/sunaina-and-dan,1600,1065,251248
source/images/photos/sunaina-and-dan/089-FRV_773.jpg,https://frozenvibes.in/wp-content/gallery/sunaina-and-dan/FRV_773.jpg,photos/sunaina-and-dan,960,1200,282026
source/images/photos/sunaina-and-dan/090-FRV_3572.jpg,https://frozenvibes.in/wp-content/gallery/sunaina-and-dan/FRV_3572.jpg,photos/sunaina-and-dan,798,1200,335941
source/images/photos/sunaina-and-dan/091-FRV_3739.jpg,https://frozenvibes.in/wp-content/gallery/sunaina-and-dan/FRV_3739.jpg,photos/sunaina-and-dan,1600,1065,274232
source/images/photos/sunaina-and-dan/092-FRV_3873.jpg,https://frozenvibes.in/wp-content/gallery/sunaina-and-dan/FRV_3873.jpg,photos/sunaina-and-dan,798,1200,130936
source/images/photos/sunaina-and-dan/093-FRV_4375.jpg,https://frozenvibes.in/wp-content/gallery/sunaina-and-dan/FRV_4375.jpg,photos/sunaina-and-dan,1600,1065,318792
source/images/photos/sunaina-and-dan/094-FRV_4381.jpg,https://frozenvibes.in/wp-content/gallery/sunaina-and-dan/FRV_4381.jpg,photos/sunaina-and-dan,1600,1065,240997
source/images/photos/sunaina-and-dan/095-FRV_4506.jpg,https://frozenvibes.in/wp-content/gallery/sunaina-and-dan/FRV_4506.jpg,photos/sunaina-and-dan,1600,1065,232232
source/images/photos/sunaina-and-dan/096-FRV_4735.jpg,https://frozenvibes.in/wp-content/gallery/sunaina-and-dan/FRV_4735.jpg,photos/sunaina-and-dan,1600,1065,342255
source/images/photos/sunaina-and-dan/097-FRV_4792.jpg,https://frozenvibes.in/wp-content/gallery/sunaina-and-dan/FRV_4792.jpg,photos/sunaina-and-dan,1600,1065,374940
source/images/photos/sunaina-and-dan/098-FRV_4883.jpg,https://frozenvibes.in/wp-content/gallery/sunaina-and-dan/FRV_4883.jpg,photos/sunaina-and-dan,951,1200,242315
source/images/photos/sunaina-and-dan/099-FRV_4948.jpg,https://frozenvibes.in/wp-content/gallery/sunaina-and-dan/FRV_4948.jpg,photos/sunaina-and-dan,1600,1065,341626
source/images/photos/sunaina-and-dan/100-FRV_4910.jpg,https://frozenvibes.in/wp-content/gallery/sunaina-and-dan/FRV_4910.jpg,photos/sunaina-and-dan,1600,1065,451578
source/images/photos/sunaina-and-dan/101-FRV_5003.jpg,https://frozenvibes.in/wp-content/gallery/sunaina-and-dan/FRV_5003.jpg,photos/sunaina-and-dan,1600,1065,272572
source/images/photos/sunaina-and-dan/102-FRV_5018.jpg,https://frozenvibes.in/wp-content/gallery/sunaina-and-dan/FRV_5018.jpg,photos/sunaina-and-dan,1600,1065,288170
source/images/photos/sunaina-and-dan/103-FRV_5119.jpg,https://frozenvibes.in/wp-content/gallery/sunaina-and-dan/FRV_5119.jpg,photos/sunaina-and-dan,1600,1065,334166
source/images/photos/sunaina-and-dan/104-FRV_5213.jpg,https://frozenvibes.in/wp-content/gallery/sunaina-and-dan/FRV_5213.jpg,photos/sunaina-and-dan,1600,1065,498506
source/images/photos/sunaina-and-dan/105-FRV_5233.jpg,https://frozenvibes.in/wp-content/gallery/sunaina-and-dan/FRV_5233.jpg,photos/sunaina-and-dan,1600,1065,530036
source/images/photos/sunaina-and-dan/106-FRV_5340.jpg,https://frozenvibes.in/wp-content/gallery/sunaina-and-dan/FRV_5340.jpg,photos/sunaina-and-dan,1600,1065,496516
source/images/photos/sunaina-and-dan/107-FRV_7459.jpg,https://frozenvibes.in/wp-content/gallery/sunaina-and-dan/FRV_7459.jpg,photos/sunaina-and-dan,798,1200,148575
source/images/photos/sunaina-and-dan/108-FRV_7528.jpg,https://frozenvibes.in/wp-content/gallery/sunaina-and-dan/FRV_7528.jpg,photos/sunaina-and-dan,960,1200,110726
source/images/photos/sunaina-and-dan/109-FRV_7566.jpg,https://frozenvibes.in/wp-content/gallery/sunaina-and-dan/FRV_7566.jpg,photos/sunaina-and-dan,798,1200,171172
source/images/photos/sunaina-and-dan/110-FRV_7667.jpg,https://frozenvibes.in/wp-content/gallery/sunaina-and-dan/FRV_7667.jpg,photos/sunaina-and-dan,1600,1065,374105
source/images/photos/sunaina-and-dan/111-FRV_7678.jpg,https://frozenvibes.in/wp-content/gallery/sunaina-and-dan/FRV_7678.jpg,photos/sunaina-and-dan,1600,1065,430988
source/images/photos/sunaina-and-dan/112-FRV_7732.jpg,https://frozenvibes.in/wp-content/gallery/sunaina-and-dan/FRV_7732.jpg,photos/sunaina-and-dan,1600,1065,468875
source/images/photos/sunaina-and-dan/113-FRV_7794.jpg,https://frozenvibes.in/wp-content/gallery/sunaina-and-dan/FRV_7794.jpg,photos/sunaina-and-dan,1600,1065,236138
source/images/photos/sunaina-and-dan/114-FRV_7889.jpg,https://frozenvibes.in/wp-content/gallery/sunaina-and-dan/FRV_7889.jpg,photos/sunaina-and-dan,1600,1065,235613
source/images/photos/sunaina-and-dan/115-FRV_7759.jpg,https://frozenvibes.in/wp-content/gallery/sunaina-and-dan/FRV_7759.jpg,photos/sunaina-and-dan,798,1200,305488
source/images/photos/sunaina-and-dan/116-FRV_7914copy.jpg,https://frozenvibes.in/wp-content/gallery/sunaina-and-dan/FRV_7914copy.jpg,photos/sunaina-and-dan,960,1200,114781
source/images/photos/sunaina-and-dan/117-FRV_7914copy1.jpg,https://frozenvibes.in/wp-content/gallery/sunaina-and-dan/FRV_7914copy1.jpg,photos/sunaina-and-dan,960,1200,112005
source/images/photos/sunaina-and-dan/118-FRV_7956.jpg,https://frozenvibes.in/wp-content/gallery/sunaina-and-dan/FRV_7956.jpg,photos/sunaina-and-dan,1600,1065,283287
source/images/photos/sunaina-and-dan/119-FRV_8006.jpg,https://frozenvibes.in/wp-content/gallery/sunaina-and-dan/FRV_8006.jpg,photos/sunaina-and-dan,1600,1065,83868
source/images/photos/sunaina-and-dan/120-FRV_8029.jpg,https://frozenvibes.in/wp-content/gallery/sunaina-and-dan/FRV_8029.jpg,photos/sunaina-and-dan,1600,1065,239637
source/images/photos/sunaina-and-dan/121-FRV_8029-2.jpg,https://frozenvibes.in/wp-content/gallery/sunaina-and-dan/FRV_8029-2.jpg,photos/sunaina-and-dan,960,1200,172496
source/images/photos/sunaina-and-dan/122-FRV_8048.jpg,https://frozenvibes.in/wp-content/gallery/sunaina-and-dan/FRV_8048.jpg,photos/sunaina-and-dan,1600,1065,360103
source/images/photos/sunaina-and-dan/123-FRV_8103.jpg,https://frozenvibes.in/wp-content/gallery/sunaina-and-dan/FRV_8103.jpg,photos/sunaina-and-dan,1600,1065,265425
source/images/photos/sunaina-and-dan/124-FRV_8126.jpg,https://frozenvibes.in/wp-content/gallery/sunaina-and-dan/FRV_8126.jpg,photos/sunaina-and-dan,1600,1065,331772
source/images/photos/sunaina-and-dan/125-FRV_8141.jpg,https://frozenvibes.in/wp-content/gallery/sunaina-and-dan/FRV_8141.jpg,photos/sunaina-and-dan,1600,1065,303883
source/images/photos/sunaina-and-dan/126-FRV_8153.jpg,https://frozenvibes.in/wp-content/gallery/sunaina-and-dan/FRV_8153.jpg,photos/sunaina-and-dan,1600,1065,197991
source/images/photos/sunaina-and-dan/127-FRV_8177.jpg,https://frozenvibes.in/wp-content/gallery/sunaina-and-dan/FRV_8177.jpg,photos/sunaina-and-dan,798,1200,180935
source/images/photos/sunaina-and-dan/128-FRV_8189.jpg,https://frozenvibes.in/wp-content/gallery/sunaina-and-dan/FRV_8189.jpg,photos/sunaina-and-dan,798,1200,183036
source/images/photos/sunaina-and-dan/129-FRV_8225.jpg,https://frozenvibes.in/wp-content/gallery/sunaina-and-dan/FRV_8225.jpg,photos/sunaina-and-dan,1600,1065,222179
source/images/photos/sunaina-and-dan/130-FRV_8225-2.jpg,https://frozenvibes.in/wp-content/gallery/sunaina-and-dan/FRV_8225-2.jpg,photos/sunaina-and-dan,960,1200,143209
source/images/photos/sunaina-and-dan/131-FRV_8258.jpg,https://frozenvibes.in/wp-content/gallery/sunaina-and-dan/FRV_8258.jpg,photos/sunaina-and-dan,798,1200,185640
source/images/photos/sunaina-and-dan/132-FRV_8295.jpg,https://frozenvibes.in/wp-content/gallery/sunaina-and-dan/FRV_8295.jpg,photos/sunaina-and-dan,798,1200,144945
source/images/photos/sunaina-and-dan/133-FRV_8496.jpg,https://frozenvibes.in/wp-content/gallery/sunaina-and-dan/FRV_8496.jpg,photos/sunaina-and-dan,1600,1065,300619
source/images/photos/sunaina-and-dan/134-FRV_8330.jpg,https://frozenvibes.in/wp-content/gallery/sunaina-and-dan/FRV_8330.jpg,photos/sunaina-and-dan,1600,1065,332803
source/images/photos/sunaina-and-dan/135-FRV_8543.jpg,https://frozenvibes.in/wp-content/gallery/sunaina-and-dan/FRV_8543.jpg,photos/sunaina-and-dan,1600,1065,280102
source/images/photos/sunaina-and-dan/136-FRV_8551.jpg,https://frozenvibes.in/wp-content/gallery/sunaina-and-dan/FRV_8551.jpg,photos/sunaina-and-dan,1600,1065,277207
source/images/photos/sunaina-and-dan/137-FRV_8553.jpg,https://frozenvibes.in/wp-content/gallery/sunaina-and-dan/FRV_8553.jpg,photos/sunaina-and-dan,1600,1065,247490
source/images/photos/sunaina-and-dan/138-FRV_8640.jpg,https://frozenvibes.in/wp-content/gallery/sunaina-and-dan/FRV_8640.jpg,photos/sunaina-and-dan,1600,1065,293664
source/images/photos/sunaina-and-dan/139-FRV_8747.jpg,https://frozenvibes.in/wp-content/gallery/sunaina-and-dan/FRV_8747.jpg,photos/sunaina-and-dan,1563,1200,272075
source/images/photos/sunaina-and-dan/140-FRV_8799.jpg,https://frozenvibes.in/wp-content/gallery/sunaina-and-dan/FRV_8799.jpg,photos/sunaina-and-dan,1600,1065,286564
source/images/photos/sunaina-and-dan/141-FRV_8801.jpg,https://frozenvibes.in/wp-content/gallery/sunaina-and-dan/FRV_8801.jpg,photos/sunaina-and-dan,1600,1065,319325
source/images/photos/sunaina-and-dan/142-FRV_8924.jpg,https://frozenvibes.in/wp-content/gallery/sunaina-and-dan/FRV_8924.jpg,photos/sunaina-and-dan,1600,1065,341954
source/images/photos/sunaina-and-dan/143-FRV_9148.jpg,https://frozenvibes.in/wp-content/gallery/sunaina-and-dan/FRV_9148.jpg,photos/sunaina-and-dan,1600,1065,191096
source/images/photos/sunaina-and-dan/144-FRV_9186.jpg,https://frozenvibes.in/wp-content/gallery/sunaina-and-dan/FRV_9186.jpg,photos/sunaina-and-dan,798,1200,207436
source/images/photos/sunaina-and-dan/145-FRV_9190.jpg,https://frozenvibes.in/wp-content/gallery/sunaina-and-dan/FRV_9190.jpg,photos/sunaina-and-dan,799,1200,197125
source/images/photos/sunaina-and-dan/146-FRV_9252.jpg,https://frozenvibes.in/wp-content/gallery/sunaina-and-dan/FRV_9252.jpg,photos/sunaina-and-dan,798,1200,192314
source/images/photos/sunaina-and-dan/147-FRV_9351.jpg,https://frozenvibes.in/wp-content/gallery/sunaina-and-dan/FRV_9351.jpg,photos/sunaina-and-dan,799,1200,220097
source/images/photos/sunaina-and-dan/148-FRV_9461.jpg,https://frozenvibes.in/wp-content/gallery/sunaina-and-dan/FRV_9461.jpg,photos/sunaina-and-dan,1600,1065,239519
source/images/photos/sunaina-and-dan/149-FRV_9613.jpg,https://frozenvibes.in/wp-content/gallery/sunaina-and-dan/FRV_9613.jpg,photos/sunaina-and-dan,1600,1065,246640
source/images/photos/sunaina-and-dan/150-FRV_9420.jpg,https://frozenvibes.in/wp-content/gallery/sunaina-and-dan/FRV_9420.jpg,photos/sunaina-and-dan,1600,1065,326104
source/images/photos/sunaina-and-dan/151-FRV_9711.jpg,https://frozenvibes.in/wp-content/gallery/sunaina-and-dan/FRV_9711.jpg,photos/sunaina-and-dan,1600,1065,227503
source/images/photos/sunaina-and-dan/152-FRV_9726.jpg,https://frozenvibes.in/wp-content/gallery/sunaina-and-dan/FRV_9726.jpg,photos/sunaina-and-dan,1600,1065,256941
source/images/photos/sunaina-and-dan/153-FRV_9781.jpg,https://frozenvibes.in/wp-content/gallery/sunaina-and-dan/FRV_9781.jpg,photos/sunaina-and-dan,1600,1065,244381
source/images/photos/sunaina-and-dan/154-FRV_9807.jpg,https://frozenvibes.in/wp-content/gallery/sunaina-and-dan/FRV_9807.jpg,photos/sunaina-and-dan,798,1200,113184
source/images/photos/sunaina-and-dan/155-Untitled-1.jpg,https://frozenvibes.in/wp-content/gallery/sunaina-and-dan/Untitled-1.jpg,photos/sunaina-and-dan,960,1200,130920
source/images/photos/sunaina-and-dan/156-Untitled-1-2.jpg,https://frozenvibes.in/wp-content/gallery/sunaina-and-dan/Untitled-1-2.jpg,photos/sunaina-and-dan,960,1200,280169
source/images/photos/sunaina-and-dan/157-FRV_9958.jpg,https://frozenvibes.in/wp-content/gallery/sunaina-and-dan/FRV_9958.jpg,photos/sunaina-and-dan,798,1200,169596
source/images/photos/sunaina-and-dan/158-Untitled-2.jpg,https://frozenvibes.in/wp-content/gallery/sunaina-and-dan/Untitled-2.jpg,photos/sunaina-and-dan,960,1200,319776
source/images/photos/sunaina-and-dan/159-Untitled-4.jpg,https://frozenvibes.in/wp-content/gallery/sunaina-and-dan/Untitled-4.jpg,photos/sunaina-and-dan,960,1200,214838
source/images/photos/sunaina-and-dan/160-Untitled-5.jpg,https://frozenvibes.in/wp-content/gallery/sunaina-and-dan/Untitled-5.jpg,photos/sunaina-and-dan,960,1200,153390
source/images/photos/sunaina-and-dan/161-Untitled-6.jpg,https://frozenvibes.in/wp-content/gallery/sunaina-and-dan/Untitled-6.jpg,photos/sunaina-and-dan,960,1200,197153
source/images/photos/sunaina-and-dan/162-Untitled-9.jpg,https://frozenvibes.in/wp-content/gallery/sunaina-and-dan/Untitled-9.jpg,photos/sunaina-and-dan,960,1200,248191
source/images/photos/anushkta-and-archit/001-FRV_0249.jpg,https://frozenvibes.in/wp-content/gallery/anushkt-and-archit/FRV_0249.jpg,photos/anushkta-and-archit,1600,1065,221908
source/images/photos/anushkta-and-archit/002-FRV_58copy.jpg,https://frozenvibes.in/wp-content/gallery/anushkt-and-archit/FRV_58copy.jpg,photos/anushkta-and-archit,960,1200,180213
source/images/photos/anushkta-and-archit/003-FRV_0341.jpg,https://frozenvibes.in/wp-content/gallery/anushkt-and-archit/FRV_0341.jpg,photos/anushkta-and-archit,1600,1065,358466
source/images/photos/anushkta-and-archit/004-FRV_0141.jpg,https://frozenvibes.in/wp-content/gallery/anushkt-and-archit/FRV_0141.jpg,photos/anushkta-and-archit,1600,1065,273843
source/images/photos/anushkta-and-archit/005-FRV_0373.jpg,https://frozenvibes.in/wp-content/gallery/anushkt-and-archit/FRV_0373.jpg,photos/anushkta-and-archit,1600,1065,292280
source/images/photos/anushkta-and-archit/006-FRV_0352.jpg,https://frozenvibes.in/wp-content/gallery/anushkt-and-archit/FRV_0352.jpg,photos/anushkta-and-archit,1600,1065,375486
source/images/photos/anushkta-and-archit/007-FRV_0375.jpg,https://frozenvibes.in/wp-content/gallery/anushkt-and-archit/FRV_0375.jpg,photos/anushkta-and-archit,1600,1065,279393
source/images/photos/anushkta-and-archit/008-FRV_0401.jpg,https://frozenvibes.in/wp-content/gallery/anushkt-and-archit/FRV_0401.jpg,photos/anushkta-and-archit,1600,1065,364872
source/images/photos/anushkta-and-archit/009-FRV_0464.jpg,https://frozenvibes.in/wp-content/gallery/anushkt-and-archit/FRV_0464.jpg,photos/anushkta-and-archit,798,1200,161284
source/images/photos/anushkta-and-archit/010-FRV_0720.jpg,https://frozenvibes.in/wp-content/gallery/anushkt-and-archit/FRV_0720.jpg,photos/anushkta-and-archit,1600,1065,240241
source/images/photos/anushkta-and-archit/011-FRV_0679.jpg,https://frozenvibes.in/wp-content/gallery/anushkt-and-archit/FRV_0679.jpg,photos/anushkta-and-archit,1600,1065,273205
source/images/photos/anushkta-and-archit/012-FRV_0846.jpg,https://frozenvibes.in/wp-content/gallery/anushkt-and-archit/FRV_0846.jpg,photos/anushkta-and-archit,1600,1065,226126
source/images/photos/anushkta-and-archit/013-FRV_0756.jpg,https://frozenvibes.in/wp-content/gallery/anushkt-and-archit/FRV_0756.jpg,photos/anushkta-and-archit,1600,1065,303737
source/images/photos/anushkta-and-archit/014-FRV_0868.jpg,https://frozenvibes.in/wp-content/gallery/anushkt-and-archit/FRV_0868.jpg,photos/anushkta-and-archit,1600,1065,287621
source/images/photos/anushkta-and-archit/015-FRV_0899.jpg,https://frozenvibes.in/wp-content/gallery/anushkt-and-archit/FRV_0899.jpg,photos/anushkta-and-archit,1600,1065,201736
source/images/photos/anushkta-and-archit/016-FRV_1088.jpg,https://frozenvibes.in/wp-content/gallery/anushkt-and-archit/FRV_1088.jpg,photos/anushkta-and-archit,1600,1065,301349
source/images/photos/anushkta-and-archit/017-FRV_1519.jpg,https://frozenvibes.in/wp-content/gallery/anushkt-and-archit/FRV_1519.jpg,photos/anushkta-and-archit,1600,1065,273377
source/images/photos/anushkta-and-archit/018-FRV_1887.jpg,https://frozenvibes.in/wp-content/gallery/anushkt-and-archit/FRV_1887.jpg,photos/anushkta-and-archit,1600,1065,255827
source/images/photos/anushkta-and-archit/019-FRV_1761.jpg,https://frozenvibes.in/wp-content/gallery/anushkt-and-archit/FRV_1761.jpg,photos/anushkta-and-archit,1600,1065,381379
source/images/photos/anushkta-and-archit/020-FRV_1812.jpg,https://frozenvibes.in/wp-content/gallery/anushkt-and-archit/FRV_1812.jpg,photos/anushkta-and-archit,1600,1065,373231
source/images/photos/anushkta-and-archit/021-FRV_1903.jpg,https://frozenvibes.in/wp-content/gallery/anushkt-and-archit/FRV_1903.jpg,photos/anushkta-and-archit,1600,1065,314241
source/images/photos/anushkta-and-archit/022-FRV_1982.jpg,https://frozenvibes.in/wp-content/gallery/anushkt-and-archit/FRV_1982.jpg,photos/anushkta-and-archit,1600,1065,272690
source/images/photos/anushkta-and-archit/023-FRV_2213.jpg,https://frozenvibes.in/wp-content/gallery/anushkt-and-archit/FRV_2213.jpg,photos/anushkta-and-archit,1600,1065,208303
source/images/photos/anushkta-and-archit/024-FRV_2224.jpg,https://frozenvibes.in/wp-content/gallery/anushkt-and-archit/FRV_2224.jpg,photos/anushkta-and-archit,1600,1065,289924
source/images/photos/anushkta-and-archit/025-FRV_2384.jpg,https://frozenvibes.in/wp-content/gallery/anushkt-and-archit/FRV_2384.jpg,photos/anushkta-and-archit,1600,1065,276022
source/images/photos/anushkta-and-archit/026-FRV_2235.jpg,https://frozenvibes.in/wp-content/gallery/anushkt-and-archit/FRV_2235.jpg,photos/anushkta-and-archit,1600,1065,290447
source/images/photos/anushkta-and-archit/027-FRV_2399.jpg,https://frozenvibes.in/wp-content/gallery/anushkt-and-archit/FRV_2399.jpg,photos/anushkta-and-archit,1600,1065,231120
source/images/photos/anushkta-and-archit/028-FRV_2319.jpg,https://frozenvibes.in/wp-content/gallery/anushkt-and-archit/FRV_2319.jpg,photos/anushkta-and-archit,1600,1065,312359
source/images/photos/anushkta-and-archit/029-FRV_2454.jpg,https://frozenvibes.in/wp-content/gallery/anushkt-and-archit/FRV_2454.jpg,photos/anushkta-and-archit,1600,1065,259272
source/images/photos/anushkta-and-archit/030-FRV_2606.jpg,https://frozenvibes.in/wp-content/gallery/anushkt-and-archit/FRV_2606.jpg,photos/anushkta-and-archit,1600,1065,301659
source/images/photos/anushkta-and-archit/031-FRV_2613.jpg,https://frozenvibes.in/wp-content/gallery/anushkt-and-archit/FRV_2613.jpg,photos/anushkta-and-archit,1600,1065,319711
source/images/photos/anushkta-and-archit/032-FRV_2665.jpg,https://frozenvibes.in/wp-content/gallery/anushkt-and-archit/FRV_2665.jpg,photos/anushkta-and-archit,1600,1065,289558
source/images/photos/anushkta-and-archit/033-FRV_2607.jpg,https://frozenvibes.in/wp-content/gallery/anushkt-and-archit/FRV_2607.jpg,photos/anushkta-and-archit,1600,1065,302199
source/images/photos/anushkta-and-archit/034-FRV_2712.jpg,https://frozenvibes.in/wp-content/gallery/anushkt-and-archit/FRV_2712.jpg,photos/anushkta-and-archit,1600,1065,301978
source/images/photos/anushkta-and-archit/035-FRV_2472.jpg,https://frozenvibes.in/wp-content/gallery/anushkt-and-archit/FRV_2472.jpg,photos/anushkta-and-archit,1600,1065,368462
source/images/photos/anushkta-and-archit/036-FRV_2805.jpg,https://frozenvibes.in/wp-content/gallery/anushkt-and-archit/FRV_2805.jpg,photos/anushkta-and-archit,1600,1065,203141
source/images/photos/anushkta-and-archit/037-FRV_2802.jpg,https://frozenvibes.in/wp-content/gallery/anushkt-and-archit/FRV_2802.jpg,photos/anushkta-and-archit,1600,1065,200128
source/images/photos/anushkta-and-archit/038-FRV_2906.jpg,https://frozenvibes.in/wp-content/gallery/anushkt-and-archit/FRV_2906.jpg,photos/anushkta-and-archit,1600,1065,224538
source/images/photos/anushkta-and-archit/039-FRV_2798.jpg,https://frozenvibes.in/wp-content/gallery/anushkt-and-archit/FRV_2798.jpg,photos/anushkta-and-archit,1600,1065,239091
source/images/photos/anushkta-and-archit/040-FRV_2880.jpg,https://frozenvibes.in/wp-content/gallery/anushkt-and-archit/FRV_2880.jpg,photos/anushkta-and-archit,1600,1065,280088
source/images/photos/anushkta-and-archit/041-FRV_3010.jpg,https://frozenvibes.in/wp-content/gallery/anushkt-and-archit/FRV_3010.jpg,photos/anushkta-and-archit,1600,1065,299706
source/images/photos/anushkta-and-archit/042-FRV_3036.jpg,https://frozenvibes.in/wp-content/gallery/anushkt-and-archit/FRV_3036.jpg,photos/anushkta-and-archit,1600,1065,231659
source/images/photos/anushkta-and-archit/043-FRV_3057.jpg,https://frozenvibes.in/wp-content/gallery/anushkt-and-archit/FRV_3057.jpg,photos/anushkta-and-archit,1600,1065,237838
source/images/photos/anushkta-and-archit/044-FRV_3085.jpg,https://frozenvibes.in/wp-content/gallery/anushkt-and-archit/FRV_3085.jpg,photos/anushkta-and-archit,1600,1065,300456
source/images/photos/anushkta-and-archit/045-FRV_3549.jpg,https://frozenvibes.in/wp-content/gallery/anushkt-and-archit/FRV_3549.jpg,photos/anushkta-and-archit,1600,1065,318123
source/images/photos/anushkta-and-archit/046-FRV_3579.jpg,https://frozenvibes.in/wp-content/gallery/anushkt-and-archit/FRV_3579.jpg,photos/anushkta-and-archit,1600,1065,290846
source/images/photos/anushkta-and-archit/047-FRV_3627.jpg,https://frozenvibes.in/wp-content/gallery/anushkt-and-archit/FRV_3627.jpg,photos/anushkta-and-archit,798,1200,229273
source/images/photos/anushkta-and-archit/048-FRV_3730.jpg,https://frozenvibes.in/wp-content/gallery/anushkt-and-archit/FRV_3730.jpg,photos/anushkta-and-archit,1600,1065,309727
source/images/photos/anushkta-and-archit/049-FRV_3682.jpg,https://frozenvibes.in/wp-content/gallery/anushkt-and-archit/FRV_3682.jpg,photos/anushkta-and-archit,1600,1065,385151
source/images/photos/anushkta-and-archit/050-FRV_3784.jpg,https://frozenvibes.in/wp-content/gallery/anushkt-and-archit/FRV_3784.jpg,photos/anushkta-and-archit,1600,1065,241979
source/images/photos/anushkta-and-archit/051-FRV_4015.jpg,https://frozenvibes.in/wp-content/gallery/anushkt-and-archit/FRV_4015.jpg,photos/anushkta-and-archit,1600,1065,267557
source/images/photos/anushkta-and-archit/052-FRV_3974.jpg,https://frozenvibes.in/wp-content/gallery/anushkt-and-archit/FRV_3974.jpg,photos/anushkta-and-archit,1600,1065,286358
source/images/photos/anushkta-and-archit/053-FRV_4060.jpg,https://frozenvibes.in/wp-content/gallery/anushkt-and-archit/FRV_4060.jpg,photos/anushkta-and-archit,1600,1065,237903
source/images/photos/anushkta-and-archit/054-FRV_4066.jpg,https://frozenvibes.in/wp-content/gallery/anushkt-and-archit/FRV_4066.jpg,photos/anushkta-and-archit,1600,1065,204066
source/images/photos/anushkta-and-archit/055-FRV_4069.jpg,https://frozenvibes.in/wp-content/gallery/anushkt-and-archit/FRV_4069.jpg,photos/anushkta-and-archit,1600,1065,222190
source/images/photos/anushkta-and-archit/056-FRV_4130.jpg,https://frozenvibes.in/wp-content/gallery/anushkt-and-archit/FRV_4130.jpg,photos/anushkta-and-archit,1600,1065,196858
source/images/photos/anushkta-and-archit/057-FRV_4213.jpg,https://frozenvibes.in/wp-content/gallery/anushkt-and-archit/FRV_4213.jpg,photos/anushkta-and-archit,1600,1065,278231
source/images/photos/anushkta-and-archit/058-FRV_4251.jpg,https://frozenvibes.in/wp-content/gallery/anushkt-and-archit/FRV_4251.jpg,photos/anushkta-and-archit,1600,1065,306666
source/images/photos/anushkta-and-archit/059-FRV_4218.jpg,https://frozenvibes.in/wp-content/gallery/anushkt-and-archit/FRV_4218.jpg,photos/anushkta-and-archit,1600,1065,307729
source/images/photos/anushkta-and-archit/060-FRV_4353.jpg,https://frozenvibes.in/wp-content/gallery/anushkt-and-archit/FRV_4353.jpg,photos/anushkta-and-archit,1600,1065,262438
source/images/photos/anushkta-and-archit/061-FRV_4495.jpg,https://frozenvibes.in/wp-content/gallery/anushkt-and-archit/FRV_4495.jpg,photos/anushkta-and-archit,1600,1065,298339
source/images/photos/anushkta-and-archit/062-FRV_4678.jpg,https://frozenvibes.in/wp-content/gallery/anushkt-and-archit/FRV_4678.jpg,photos/anushkta-and-archit,1600,1065,276617
source/images/photos/anushkta-and-archit/063-FRV_4825.jpg,https://frozenvibes.in/wp-content/gallery/anushkt-and-archit/FRV_4825.jpg,photos/anushkta-and-archit,1600,1065,443982
source/images/photos/anushkta-and-archit/064-FRV_4970.jpg,https://frozenvibes.in/wp-content/gallery/anushkt-and-archit/FRV_4970.jpg,photos/anushkta-and-archit,1600,1065,262516
source/images/photos/anushkta-and-archit/065-FRV_5217.jpg,https://frozenvibes.in/wp-content/gallery/anushkt-and-archit/FRV_5217.jpg,photos/anushkta-and-archit,1600,1065,317961
source/images/photos/anushkta-and-archit/066-FRV_5221.jpg,https://frozenvibes.in/wp-content/gallery/anushkt-and-archit/FRV_5221.jpg,photos/anushkta-and-archit,1600,1065,329489
source/images/photos/anushkta-and-archit/067-FRV_5227.jpg,https://frozenvibes.in/wp-content/gallery/anushkt-and-archit/FRV_5227.jpg,photos/anushkta-and-archit,1600,1065,339903
source/images/photos/anushkta-and-archit/068-FRV_5260.jpg,https://frozenvibes.in/wp-content/gallery/anushkt-and-archit/FRV_5260.jpg,photos/anushkta-and-archit,1600,1065,336757
source/images/photos/anushkta-and-archit/069-FRV_5283.jpg,https://frozenvibes.in/wp-content/gallery/anushkt-and-archit/FRV_5283.jpg,photos/anushkta-and-archit,1600,1065,361602
source/images/photos/anushkta-and-archit/070-FRV_5279.jpg,https://frozenvibes.in/wp-content/gallery/anushkt-and-archit/FRV_5279.jpg,photos/anushkta-and-archit,1600,1065,358615
source/images/photos/anushkta-and-archit/071-FRV_5288.jpg,https://frozenvibes.in/wp-content/gallery/anushkt-and-archit/FRV_5288.jpg,photos/anushkta-and-archit,1600,1065,358631
source/images/photos/anushkta-and-archit/072-FRV_5338.jpg,https://frozenvibes.in/wp-content/gallery/anushkt-and-archit/FRV_5338.jpg,photos/anushkta-and-archit,1600,1065,336102
source/images/photos/anushkta-and-archit/073-FRV_5446.jpg,https://frozenvibes.in/wp-content/gallery/anushkt-and-archit/FRV_5446.jpg,photos/anushkta-and-archit,1600,1065,306574
source/images/photos/anushkta-and-archit/074-FRV_5454.jpg,https://frozenvibes.in/wp-content/gallery/anushkt-and-archit/FRV_5454.jpg,photos/anushkta-and-archit,1600,1065,317996
source/images/photos/anushkta-and-archit/075-FRV_5488.jpg,https://frozenvibes.in/wp-content/gallery/anushkt-and-archit/FRV_5488.jpg,photos/anushkta-and-archit,1600,1065,276644
source/images/photos/anushkta-and-archit/076-FRV_5495.jpg,https://frozenvibes.in/wp-content/gallery/anushkt-and-archit/FRV_5495.jpg,photos/anushkta-and-archit,1600,1065,244661
source/images/photos/anushkta-and-archit/077-FRV_5613.jpg,https://frozenvibes.in/wp-content/gallery/anushkt-and-archit/FRV_5613.jpg,photos/anushkta-and-archit,1600,1065,339583
source/images/photos/anushkta-and-archit/078-FRV_5622.jpg,https://frozenvibes.in/wp-content/gallery/anushkt-and-archit/FRV_5622.jpg,photos/anushkta-and-archit,1600,1065,239596
source/images/photos/anushkta-and-archit/079-FRV_5633.jpg,https://frozenvibes.in/wp-content/gallery/anushkt-and-archit/FRV_5633.jpg,photos/anushkta-and-archit,1600,1065,196198
source/images/photos/anushkta-and-archit/080-FRV_5649.jpg,https://frozenvibes.in/wp-content/gallery/anushkt-and-archit/FRV_5649.jpg,photos/anushkta-and-archit,1600,1065,228284
source/images/photos/anushkta-and-archit/081-FRV_5654.jpg,https://frozenvibes.in/wp-content/gallery/anushkt-and-archit/FRV_5654.jpg,photos/anushkta-and-archit,1600,1065,248222
source/images/photos/anushkta-and-archit/082-FRV_5687.jpg,https://frozenvibes.in/wp-content/gallery/anushkt-and-archit/FRV_5687.jpg,photos/anushkta-and-archit,1600,1065,161866
source/images/photos/anushkta-and-archit/083-FRV_5682.jpg,https://frozenvibes.in/wp-content/gallery/anushkt-and-archit/FRV_5682.jpg,photos/anushkta-and-archit,1600,1065,413052
source/images/photos/anushkta-and-archit/084-FRV_5720.jpg,https://frozenvibes.in/wp-content/gallery/anushkt-and-archit/FRV_5720.jpg,photos/anushkta-and-archit,1600,1065,492670
source/images/photos/anushkta-and-archit/085-FRV_5747.jpg,https://frozenvibes.in/wp-content/gallery/anushkt-and-archit/FRV_5747.jpg,photos/anushkta-and-archit,1600,1065,300042
source/images/photos/anushkta-and-archit/086-FRV_5729.jpg,https://frozenvibes.in/wp-content/gallery/anushkt-and-archit/FRV_5729.jpg,photos/anushkta-and-archit,798,1200,256923
source/images/photos/anushkta-and-archit/087-FRV_5747copy.jpg,https://frozenvibes.in/wp-content/gallery/anushkt-and-archit/FRV_5747copy.jpg,photos/anushkta-and-archit,1600,1067,306090
source/images/photos/anushkta-and-archit/088-FRV_5764.jpg,https://frozenvibes.in/wp-content/gallery/anushkt-and-archit/FRV_5764.jpg,photos/anushkta-and-archit,1600,1065,324197
source/images/photos/anushkta-and-archit/089-FRV_5762.jpg,https://frozenvibes.in/wp-content/gallery/anushkt-and-archit/FRV_5762.jpg,photos/anushkta-and-archit,1600,1065,275197
source/images/photos/anushkta-and-archit/090-FRV_5795copy.jpg,https://frozenvibes.in/wp-content/gallery/anushkt-and-archit/FRV_5795copy.jpg,photos/anushkta-and-archit,1600,1065,274792
source/images/photos/anushkta-and-archit/091-FRV_5801.jpg,https://frozenvibes.in/wp-content/gallery/anushkt-and-archit/FRV_5801.jpg,photos/anushkta-and-archit,1600,1065,384679
source/images/photos/anushkta-and-archit/092-FRV_5804.jpg,https://frozenvibes.in/wp-content/gallery/anushkt-and-archit/FRV_5804.jpg,photos/anushkta-and-archit,1600,1065,290406
source/images/photos/anushkta-and-archit/093-FRV_5825.jpg,https://frozenvibes.in/wp-content/gallery/anushkt-and-archit/FRV_5825.jpg,photos/anushkta-and-archit,1600,1065,262488
source/images/photos/anushkta-and-archit/094-FRV_5837.jpg,https://frozenvibes.in/wp-content/gallery/anushkt-and-archit/FRV_5837.jpg,photos/anushkta-and-archit,1600,1065,266603
source/images/photos/anushkta-and-archit/095-FRV_5951copy.jpg,https://frozenvibes.in/wp-content/gallery/anushkt-and-archit/FRV_5951copy.jpg,photos/anushkta-and-archit,1600,1065,210305
source/images/photos/anushkta-and-archit/096-FRV_5913.jpg,https://frozenvibes.in/wp-content/gallery/anushkt-and-archit/FRV_5913.jpg,photos/anushkta-and-archit,1600,1065,232934
source/images/photos/anushkta-and-archit/097-FRV_5961.jpg,https://frozenvibes.in/wp-content/gallery/anushkt-and-archit/FRV_5961.jpg,photos/anushkta-and-archit,1600,1065,218079
source/images/photos/anushkta-and-archit/098-FRV_5981.jpg,https://frozenvibes.in/wp-content/gallery/anushkt-and-archit/FRV_5981.jpg,photos/anushkta-and-archit,1600,1065,101893
source/images/photos/anushkta-and-archit/099-FRV_6172.jpg,https://frozenvibes.in/wp-content/gallery/anushkt-and-archit/FRV_6172.jpg,photos/anushkta-and-archit,1600,1065,254191
source/images/photos/anushkta-and-archit/100-FRV_6179.jpg,https://frozenvibes.in/wp-content/gallery/anushkt-and-archit/FRV_6179.jpg,photos/anushkta-and-archit,1600,1065,261225
source/images/photos/anushkta-and-archit/101-FRV_6214.jpg,https://frozenvibes.in/wp-content/gallery/anushkt-and-archit/FRV_6214.jpg,photos/anushkta-and-archit,1025,1200,182896
source/images/photos/anushkta-and-archit/102-FRV_6228.jpg,https://frozenvibes.in/wp-content/gallery/anushkt-and-archit/FRV_6228.jpg,photos/anushkta-and-archit,986,1200,192491
source/images/photos/anushkta-and-archit/103-FRV_6256.jpg,https://frozenvibes.in/wp-content/gallery/anushkt-and-archit/FRV_6256.jpg,photos/anushkta-and-archit,1600,1065,238619
source/images/photos/anushkta-and-archit/104-FRV_6366.jpg,https://frozenvibes.in/wp-content/gallery/anushkt-and-archit/FRV_6366.jpg,photos/anushkta-and-archit,1600,1065,321312
source/images/photos/anushkta-and-archit/105-FRV_6399.jpg,https://frozenvibes.in/wp-content/gallery/anushkt-and-archit/FRV_6399.jpg,photos/anushkta-and-archit,1600,1065,412711
source/images/photos/anushkta-and-archit/106-FRV_6425.jpg,https://frozenvibes.in/wp-content/gallery/anushkt-and-archit/FRV_6425.jpg,photos/anushkta-and-archit,1600,1065,321402
source/images/photos/anushkta-and-archit/107-FRV_6558.jpg,https://frozenvibes.in/wp-content/gallery/anushkt-and-archit/FRV_6558.jpg,photos/anushkta-and-archit,1600,1065,259185
source/images/photos/anushkta-and-archit/108-FRV_6544.jpg,https://frozenvibes.in/wp-content/gallery/anushkt-and-archit/FRV_6544.jpg,photos/anushkta-and-archit,1600,1065,364568
source/images/photos/anushkta-and-archit/109-FRV_6576.jpg,https://frozenvibes.in/wp-content/gallery/anushkt-and-archit/FRV_6576.jpg,photos/anushkta-and-archit,957,1200,182248
source/images/photos/anushkta-and-archit/110-FRV_6580.jpg,https://frozenvibes.in/wp-content/gallery/anushkt-and-archit/FRV_6580.jpg,photos/anushkta-and-archit,972,1200,187145
source/images/photos/anushkta-and-archit/111-FRV_6587.jpg,https://frozenvibes.in/wp-content/gallery/anushkt-and-archit/FRV_6587.jpg,photos/anushkta-and-archit,1600,1065,365848
source/images/photos/anushkta-and-archit/112-FRV_6826.jpg,https://frozenvibes.in/wp-content/gallery/anushkt-and-archit/FRV_6826.jpg,photos/anushkta-and-archit,1600,1065,400066
source/images/photos/anushkta-and-archit/113-FRV_6828.jpg,https://frozenvibes.in/wp-content/gallery/anushkt-and-archit/FRV_6828.jpg,photos/anushkta-and-archit,1600,1065,419305
source/images/photos/anushkta-and-archit/114-FRV_6828copy.jpg,https://frozenvibes.in/wp-content/gallery/anushkt-and-archit/FRV_6828copy.jpg,photos/anushkta-and-archit,1600,1067,411494
source/images/photos/anushkta-and-archit/115-FRV_6993.jpg,https://frozenvibes.in/wp-content/gallery/anushkt-and-archit/FRV_6993.jpg,photos/anushkta-and-archit,1600,1065,174772
source/images/photos/anushkta-and-archit/116-FRV_7019.jpg,https://frozenvibes.in/wp-content/gallery/anushkt-and-archit/FRV_7019.jpg,photos/anushkta-and-archit,1600,1065,199729
source/images/photos/anushkta-and-archit/117-FRV_7042.jpg,https://frozenvibes.in/wp-content/gallery/anushkt-and-archit/FRV_7042.jpg,photos/anushkta-and-archit,1600,1065,187167
source/images/photos/anushkta-and-archit/118-FRV_7386.jpg,https://frozenvibes.in/wp-content/gallery/anushkt-and-archit/FRV_7386.jpg,photos/anushkta-and-archit,799,1200,106449
source/images/photos/anushkta-and-archit/119-FRV_7455.jpg,https://frozenvibes.in/wp-content/gallery/anushkt-and-archit/FRV_7455.jpg,photos/anushkta-and-archit,1600,1065,330958
source/images/photos/anushkta-and-archit/120-FRV_8245copy.jpg,https://frozenvibes.in/wp-content/gallery/anushkt-and-archit/FRV_8245copy.jpg,photos/anushkta-and-archit,1600,1065,247618
source/images/photos/anushkta-and-archit/121-FRV_8338.jpg,https://frozenvibes.in/wp-content/gallery/anushkt-and-archit/FRV_8338.jpg,photos/anushkta-and-archit,1600,1065,296229
source/images/photos/anushkta-and-archit/122-FRV_8339.jpg,https://frozenvibes.in/wp-content/gallery/anushkt-and-archit/FRV_8339.jpg,photos/anushkta-and-archit,960,1200,169606
source/images/photos/anushkta-and-archit/123-FRV_8287.jpg,https://frozenvibes.in/wp-content/gallery/anushkt-and-archit/FRV_8287.jpg,photos/anushkta-and-archit,1600,1065,521162
source/images/photos/anushkta-and-archit/124-FRV_8491.jpg,https://frozenvibes.in/wp-content/gallery/anushkt-and-archit/FRV_8491.jpg,photos/anushkta-and-archit,1600,1065,343756
source/images/photos/anushkta-and-archit/125-FRV_8548.jpg,https://frozenvibes.in/wp-content/gallery/anushkt-and-archit/FRV_8548.jpg,photos/anushkta-and-archit,1600,1065,376304
source/images/photos/anushkta-and-archit/126-FRV_8576.jpg,https://frozenvibes.in/wp-content/gallery/anushkt-and-archit/FRV_8576.jpg,photos/anushkta-and-archit,1600,1065,290502
source/images/photos/anushkta-and-archit/127-FRV_8628.jpg,https://frozenvibes.in/wp-content/gallery/anushkt-and-archit/FRV_8628.jpg,photos/anushkta-and-archit,798,1200,138387
source/images/photos/anushkta-and-archit/128-FRV_8653.jpg,https://frozenvibes.in/wp-content/gallery/anushkt-and-archit/FRV_8653.jpg,photos/anushkta-and-archit,1600,1065,226445
source/images/photos/anushkta-and-archit/129-FRV_8693.jpg,https://frozenvibes.in/wp-content/gallery/anushkt-and-archit/FRV_8693.jpg,photos/anushkta-and-archit,1600,1065,195857
source/images/photos/anushkta-and-archit/130-FRV_8677.jpg,https://frozenvibes.in/wp-content/gallery/anushkt-and-archit/FRV_8677.jpg,photos/anushkta-and-archit,1600,1065,304535
source/images/photos/anushkta-and-archit/131-FRV_8766.jpg,https://frozenvibes.in/wp-content/gallery/anushkt-and-archit/FRV_8766.jpg,photos/anushkta-and-archit,1600,1065,180955
source/images/photos/anushkta-and-archit/132-FRV_8922.jpg,https://frozenvibes.in/wp-content/gallery/anushkt-and-archit/FRV_8922.jpg,photos/anushkta-and-archit,1600,1065,220064
source/images/photos/anushkta-and-archit/133-FRV_9581.jpg,https://frozenvibes.in/wp-content/gallery/anushkt-and-archit/FRV_9581.jpg,photos/anushkta-and-archit,1600,1065,303051
source/images/photos/anushkta-and-archit/134-FRV_9661.jpg,https://frozenvibes.in/wp-content/gallery/anushkt-and-archit/FRV_9661.jpg,photos/anushkta-and-archit,798,1200,122201
source/images/photos/anushkta-and-archit/135-FRV_9720.jpg,https://frozenvibes.in/wp-content/gallery/anushkt-and-archit/FRV_9720.jpg,photos/anushkta-and-archit,1600,1065,226815
source/images/photos/anushkta-and-archit/136-FRV_9746.jpg,https://frozenvibes.in/wp-content/gallery/anushkt-and-archit/FRV_9746.jpg,photos/anushkta-and-archit,1600,1065,262662
source/images/photos/anushkta-and-archit/137-FRV_9934.jpg,https://frozenvibes.in/wp-content/gallery/anushkt-and-archit/FRV_9934.jpg,photos/anushkta-and-archit,1600,1065,267378
source/images/photos/anushkta-and-archit/138-FRV_9948.jpg,https://frozenvibes.in/wp-content/gallery/anushkt-and-archit/FRV_9948.jpg,photos/anushkta-and-archit,1600,1065,281617
source/images/photos/anushkta-and-archit/139-FRV_9964.jpg,https://frozenvibes.in/wp-content/gallery/anushkt-and-archit/FRV_9964.jpg,photos/anushkta-and-archit,1600,1065,246812
source/images/photos/anushkta-and-archit/140-FRV_9996.jpg,https://frozenvibes.in/wp-content/gallery/anushkt-and-archit/FRV_9996.jpg,photos/anushkta-and-archit,1600,1065,243007
source/images/photos/anushkta-and-archit/141-Untitled-1.jpg,https://frozenvibes.in/wp-content/gallery/anushkt-and-archit/Untitled-1.jpg,photos/anushkta-and-archit,960,1200,176307
source/images/photos/anushkta-and-archit/142-Untitled-4.jpg,https://frozenvibes.in/wp-content/gallery/anushkt-and-archit/Untitled-4.jpg,photos/anushkta-and-archit,960,1200,239083
source/images/photos/anushkta-and-archit/143-Untitled-5.jpg,https://frozenvibes.in/wp-content/gallery/anushkt-and-archit/Untitled-5.jpg,photos/anushkta-and-archit,960,1200,250402
source/images/photos/anushkta-and-archit/144-Untitled-6copy.jpg,https://frozenvibes.in/wp-content/gallery/anushkt-and-archit/Untitled-6copy.jpg,photos/anushkta-and-archit,1600,1067,249941
source/images/photos/anushkta-and-archit/145-Untitled-6.jpg,https://frozenvibes.in/wp-content/gallery/anushkt-and-archit/Untitled-6.jpg,photos/anushkta-and-archit,960,1200,159904
source/images/photos/anushkta-and-archit/146-Untitled-7.jpg,https://frozenvibes.in/wp-content/gallery/anushkt-and-archit/Untitled-7.jpg,photos/anushkta-and-archit,960,1200,161181
source/images/photos/devina-and-siddkenya/001-FRV_1488.jpg,https://frozenvibes.in/wp-content/gallery/devina-and-sidd/FRV_1488.jpg,photos/devina-and-siddkenya,1600,1065,188596
source/images/photos/devina-and-siddkenya/002-FRV_9989.jpg,https://frozenvibes.in/wp-content/gallery/devina-and-sidd/FRV_9989.jpg,photos/devina-and-siddkenya,1600,1065,217598
source/images/photos/devina-and-siddkenya/003-FRV_9592.jpg,https://frozenvibes.in/wp-content/gallery/devina-and-sidd/FRV_9592.jpg,photos/devina-and-siddkenya,1600,1065,227327
source/images/photos/devina-and-siddkenya/004-FRV_1735.jpg,https://frozenvibes.in/wp-content/gallery/devina-and-sidd/FRV_1735.jpg,photos/devina-and-siddkenya,1600,1065,338556
source/images/photos/devina-and-siddkenya/005-FRV_9403.jpg,https://frozenvibes.in/wp-content/gallery/devina-and-sidd/FRV_9403.jpg,photos/devina-and-siddkenya,1600,1065,402406
source/images/photos/devina-and-siddkenya/006-FRV_9892.jpg,https://frozenvibes.in/wp-content/gallery/devina-and-sidd/FRV_9892.jpg,photos/devina-and-siddkenya,1600,1065,419212
source/images/photos/devina-and-siddkenya/007-FVR_6776.jpg,https://frozenvibes.in/wp-content/gallery/devina-and-sidd/FVR_6776.jpg,photos/devina-and-siddkenya,798,1200,240996
source/images/photos/devina-and-siddkenya/008-FVR_8229.jpg,https://frozenvibes.in/wp-content/gallery/devina-and-sidd/FVR_8229.jpg,photos/devina-and-siddkenya,1600,1065,259734
source/images/photos/devina-and-siddkenya/009-FVR_8572.jpg,https://frozenvibes.in/wp-content/gallery/devina-and-sidd/FVR_8572.jpg,photos/devina-and-siddkenya,1600,1065,238713
source/images/photos/devina-and-siddkenya/010-DSC_3220.jpg,https://frozenvibes.in/wp-content/gallery/devina-and-sidd/DSC_3220.jpg,photos/devina-and-siddkenya,1600,1065,259643
source/images/photos/devina-and-siddkenya/011-FVR_9483.jpg,https://frozenvibes.in/wp-content/gallery/devina-and-sidd/FVR_9483.jpg,photos/devina-and-siddkenya,1600,1065,388380
source/images/photos/devina-and-siddkenya/012-FVR_9783.jpg,https://frozenvibes.in/wp-content/gallery/devina-and-sidd/FVR_9783.jpg,photos/devina-and-siddkenya,1600,1065,413206
source/images/photos/devina-and-siddkenya/013-FRV_0723.jpg,https://frozenvibes.in/wp-content/gallery/devina-and-sidd/FRV_0723.jpg,photos/devina-and-siddkenya,1600,1065,240423
source/images/photos/devina-and-siddkenya/014-FRV_1489.jpg,https://frozenvibes.in/wp-content/gallery/devina-and-sidd/FRV_1489.jpg,photos/devina-and-siddkenya,1600,1065,206569
source/images/photos/devina-and-siddkenya/015-FRV_1492.jpg,https://frozenvibes.in/wp-content/gallery/devina-and-sidd/FRV_1492.jpg,photos/devina-and-siddkenya,1600,1065,201864
source/images/photos/devina-and-siddkenya/016-FRV_2727.jpg,https://frozenvibes.in/wp-content/gallery/devina-and-sidd/FRV_2727.jpg,photos/devina-and-siddkenya,798,1200,164730
source/images/photos/devina-and-siddkenya/017-FRV_2315.jpg,https://frozenvibes.in/wp-content/gallery/devina-and-sidd/FRV_2315.jpg,photos/devina-and-siddkenya,1600,1065,328621
source/images/photos/devina-and-siddkenya/018-FRV_3159.jpg,https://frozenvibes.in/wp-content/gallery/devina-and-sidd/FRV_3159.jpg,photos/devina-and-siddkenya,1600,1065,350905
source/images/photos/devina-and-siddkenya/019-FRV_3361.jpg,https://frozenvibes.in/wp-content/gallery/devina-and-sidd/FRV_3361.jpg,photos/devina-and-siddkenya,1600,1065,375245
source/images/photos/devina-and-siddkenya/020-FRV_3822.jpg,https://frozenvibes.in/wp-content/gallery/devina-and-sidd/FRV_3822.jpg,photos/devina-and-siddkenya,1600,1065,326742
source/images/photos/devina-and-siddkenya/021-FRV_6798.jpg,https://frozenvibes.in/wp-content/gallery/devina-and-sidd/FRV_6798.jpg,photos/devina-and-siddkenya,1600,1065,399429
source/images/photos/devina-and-siddkenya/022-FRV_6804.jpg,https://frozenvibes.in/wp-content/gallery/devina-and-sidd/FRV_6804.jpg,photos/devina-and-siddkenya,1600,1065,263812
source/images/photos/devina-and-siddkenya/023-FRV_9063.jpg,https://frozenvibes.in/wp-content/gallery/devina-and-sidd/FRV_9063.jpg,photos/devina-and-siddkenya,1600,1065,266452
source/images/photos/devina-and-siddkenya/024-FRV_9295.jpg,https://frozenvibes.in/wp-content/gallery/devina-and-sidd/FRV_9295.jpg,photos/devina-and-siddkenya,1600,1065,215397
source/images/photos/devina-and-siddkenya/025-FRV_9258.jpg,https://frozenvibes.in/wp-content/gallery/devina-and-sidd/FRV_9258.jpg,photos/devina-and-siddkenya,1600,1065,389347
source/images/photos/devina-and-siddkenya/026-FVR_0241.jpg,https://frozenvibes.in/wp-content/gallery/devina-and-sidd/FVR_0241.jpg,photos/devina-and-siddkenya,1600,1065,277773
source/images/photos/devina-and-siddkenya/027-FVR_5631.jpg,https://frozenvibes.in/wp-content/gallery/devina-and-sidd/FVR_5631.jpg,photos/devina-and-siddkenya,1600,1065,349265
source/images/photos/devina-and-siddkenya/028-FVR_7402.jpg,https://frozenvibes.in/wp-content/gallery/devina-and-sidd/FVR_7402.jpg,photos/devina-and-siddkenya,1600,1065,225056
source/images/photos/devina-and-siddkenya/029-FVR_7977.jpg,https://frozenvibes.in/wp-content/gallery/devina-and-sidd/FVR_7977.jpg,photos/devina-and-siddkenya,1600,1065,338774
source/images/photos/devina-and-siddkenya/030-FVR_8261.jpg,https://frozenvibes.in/wp-content/gallery/devina-and-sidd/FVR_8261.jpg,photos/devina-and-siddkenya,1600,1065,307905
source/images/photos/devina-and-siddkenya/031-FVR_8369.jpg,https://frozenvibes.in/wp-content/gallery/devina-and-sidd/FVR_8369.jpg,photos/devina-and-siddkenya,1600,1065,177702
source/images/photos/devina-and-siddkenya/032-FVR_8487.jpg,https://frozenvibes.in/wp-content/gallery/devina-and-sidd/FVR_8487.jpg,photos/devina-and-siddkenya,1600,1065,413804
source/images/photos/devina-and-siddkenya/033-FVR_8592.jpg,https://frozenvibes.in/wp-content/gallery/devina-and-sidd/FVR_8592.jpg,photos/devina-and-siddkenya,1600,1065,333943
source/images/photos/devina-and-siddkenya/034-FVR_9114.jpg,https://frozenvibes.in/wp-content/gallery/devina-and-sidd/FVR_9114.jpg,photos/devina-and-siddkenya,1600,1065,351277
source/images/photos/devina-and-siddkenya/035-FVR_9274.jpg,https://frozenvibes.in/wp-content/gallery/devina-and-sidd/FVR_9274.jpg,photos/devina-and-siddkenya,798,1200,163505
source/images/photos/devina-and-siddkenya/036-FRV_0110.jpg,https://frozenvibes.in/wp-content/gallery/devina-and-sidd/FRV_0110.jpg,photos/devina-and-siddkenya,1600,1065,191277
source/images/photos/devina-and-siddkenya/037-FRV_0237.jpg,https://frozenvibes.in/wp-content/gallery/devina-and-sidd/FRV_0237.jpg,photos/devina-and-siddkenya,1600,1065,274843
source/images/photos/devina-and-siddkenya/038-FRV_0276.jpg,https://frozenvibes.in/wp-content/gallery/devina-and-sidd/FRV_0276.jpg,photos/devina-and-siddkenya,1600,1065,300311
source/images/photos/devina-and-siddkenya/039-FRV_0334.jpg,https://frozenvibes.in/wp-content/gallery/devina-and-sidd/FRV_0334.jpg,photos/devina-and-siddkenya,1600,1065,390699
source/images/photos/devina-and-siddkenya/040-FRV_1466.jpg,https://frozenvibes.in/wp-content/gallery/devina-and-sidd/FRV_1466.jpg,photos/devina-and-siddkenya,1600,1065,230754
source/images/photos/devina-and-siddkenya/041-FRV_1741.jpg,https://frozenvibes.in/wp-content/gallery/devina-and-sidd/FRV_1741.jpg,photos/devina-and-siddkenya,1600,1065,262140
source/images/photos/devina-and-siddkenya/042-FRV_1759.jpg,https://frozenvibes.in/wp-content/gallery/devina-and-sidd/FRV_1759.jpg,photos/devina-and-siddkenya,1600,1065,407922
source/images/photos/devina-and-siddkenya/043-FRV_3473.jpg,https://frozenvibes.in/wp-content/gallery/devina-and-sidd/FRV_3473.jpg,photos/devina-and-siddkenya,1600,1065,350157
source/images/photos/devina-and-siddkenya/044-FRV_3693.jpg,https://frozenvibes.in/wp-content/gallery/devina-and-sidd/FRV_3693.jpg,photos/devina-and-siddkenya,798,1200,150237
source/images/photos/devina-and-siddkenya/045-FRV_4123.jpg,https://frozenvibes.in/wp-content/gallery/devina-and-sidd/FRV_4123.jpg,photos/devina-and-siddkenya,1600,1065,364950
source/images/photos/devina-and-siddkenya/046-FRV_6839.jpg,https://frozenvibes.in/wp-content/gallery/devina-and-sidd/FRV_6839.jpg,photos/devina-and-siddkenya,1600,1065,298475
source/images/photos/devina-and-siddkenya/047-FRV_9599.jpg,https://frozenvibes.in/wp-content/gallery/devina-and-sidd/FRV_9599.jpg,photos/devina-and-siddkenya,1600,1065,242077
source/images/photos/devina-and-siddkenya/048-FRV_9963.jpg,https://frozenvibes.in/wp-content/gallery/devina-and-sidd/FRV_9963.jpg,photos/devina-and-siddkenya,1600,1065,339470
source/images/photos/devina-and-siddkenya/049-FVR_5111.jpg,https://frozenvibes.in/wp-content/gallery/devina-and-sidd/FVR_5111.jpg,photos/devina-and-siddkenya,800,1200,128723
source/images/photos/devina-and-siddkenya/050-FVR_0029.jpg,https://frozenvibes.in/wp-content/gallery/devina-and-sidd/FVR_0029.jpg,photos/devina-and-siddkenya,798,1200,180863
source/images/photos/devina-and-siddkenya/051-FVR_6860.jpg,https://frozenvibes.in/wp-content/gallery/devina-and-sidd/FVR_6860.jpg,photos/devina-and-siddkenya,798,1200,139310
source/images/photos/devina-and-siddkenya/052-FVR_5671.jpg,https://frozenvibes.in/wp-content/gallery/devina-and-sidd/FVR_5671.jpg,photos/devina-and-siddkenya,1600,1065,370879
source/images/photos/devina-and-siddkenya/053-FVR_7430.jpg,https://frozenvibes.in/wp-content/gallery/devina-and-sidd/FVR_7430.jpg,photos/devina-and-siddkenya,1600,1065,346246
source/images/photos/devina-and-siddkenya/054-FVR_8269.jpg,https://frozenvibes.in/wp-content/gallery/devina-and-sidd/FVR_8269.jpg,photos/devina-and-siddkenya,1600,1065,383546
source/images/photos/devina-and-siddkenya/055-FVR_8394.jpg,https://frozenvibes.in/wp-content/gallery/devina-and-sidd/FVR_8394.jpg,photos/devina-and-siddkenya,1600,1065,338193
source/images/photos/devina-and-siddkenya/056-FVR_9050.jpg,https://frozenvibes.in/wp-content/gallery/devina-and-sidd/FVR_9050.jpg,photos/devina-and-siddkenya,1600,1065,335227
source/images/photos/devina-and-siddkenya/057-FVR_9989.jpg,https://frozenvibes.in/wp-content/gallery/devina-and-sidd/FVR_9989.jpg,photos/devina-and-siddkenya,798,1200,197863
source/images/photos/devina-and-siddkenya/058-FVR_9991.jpg,https://frozenvibes.in/wp-content/gallery/devina-and-sidd/FVR_9991.jpg,photos/devina-and-siddkenya,798,1200,198713
source/images/photos/devina-and-siddkenya/059-FRV_0910.jpg,https://frozenvibes.in/wp-content/gallery/devina-and-sidd/FRV_0910.jpg,photos/devina-and-siddkenya,1600,1065,164627
source/images/photos/devina-and-siddkenya/060-FRV_1768.jpg,https://frozenvibes.in/wp-content/gallery/devina-and-sidd/FRV_1768.jpg,photos/devina-and-siddkenya,1600,1065,365197
source/images/photos/devina-and-siddkenya/061-FRV_2075.jpg,https://frozenvibes.in/wp-content/gallery/devina-and-sidd/FRV_2075.jpg,photos/devina-and-siddkenya,1600,1065,348253
source/images/photos/devina-and-siddkenya/062-FRV_2679.jpg,https://frozenvibes.in/wp-content/gallery/devina-and-sidd/FRV_2679.jpg,photos/devina-and-siddkenya,1600,1065,428550
source/images/photos/devina-and-siddkenya/063-FRV_2880.jpg,https://frozenvibes.in/wp-content/gallery/devina-and-sidd/FRV_2880.jpg,photos/devina-and-siddkenya,1600,1065,415999
source/images/photos/devina-and-siddkenya/064-FRV_2988.jpg,https://frozenvibes.in/wp-content/gallery/devina-and-sidd/FRV_2988.jpg,photos/devina-and-siddkenya,1600,1065,536941
source/images/photos/devina-and-siddkenya/065-FRV_3476.jpg,https://frozenvibes.in/wp-content/gallery/devina-and-sidd/FRV_3476.jpg,photos/devina-and-siddkenya,1600,1065,351450
source/images/photos/devina-and-siddkenya/066-FRV_3863.jpg,https://frozenvibes.in/wp-content/gallery/devina-and-sidd/FRV_3863.jpg,photos/devina-and-siddkenya,798,1200,160791
source/images/photos/devina-and-siddkenya/067-FRV_4127.jpg,https://frozenvibes.in/wp-content/gallery/devina-and-sidd/FRV_4127.jpg,photos/devina-and-siddkenya,1600,1065,356953
source/images/photos/devina-and-siddkenya/068-FRV_8978.jpg,https://frozenvibes.in/wp-content/gallery/devina-and-sidd/FRV_8978.jpg,photos/devina-and-siddkenya,1600,1065,245668
source/images/photos/devina-and-siddkenya/069-FRV_6833.jpg,https://frozenvibes.in/wp-content/gallery/devina-and-sidd/FRV_6833.jpg,photos/devina-and-siddkenya,1600,1065,287891
source/images/photos/devina-and-siddkenya/070-FRV_6633.jpg,https://frozenvibes.in/wp-content/gallery/devina-and-sidd/FRV_6633.jpg,photos/devina-and-siddkenya,1600,1065,606591
source/images/photos/devina-and-siddkenya/071-FVR_6901.jpg,https://frozenvibes.in/wp-content/gallery/devina-and-sidd/FVR_6901.jpg,photos/devina-and-siddkenya,1600,1065,302487
source/images/photos/devina-and-siddkenya/072-FVR_6899.jpg,https://frozenvibes.in/wp-content/gallery/devina-and-sidd/FVR_6899.jpg,photos/devina-and-siddkenya,1600,1065,296255
source/images/photos/devina-and-siddkenya/073-FVR_6980.jpg,https://frozenvibes.in/wp-content/gallery/devina-and-sidd/FVR_6980.jpg,photos/devina-and-siddkenya,798,1200,247272
source/images/photos/devina-and-siddkenya/074-FVR_7598.jpg,https://frozenvibes.in/wp-content/gallery/devina-and-sidd/FVR_7598.jpg,photos/devina-and-siddkenya,1600,1065,347164
source/images/photos/devina-and-siddkenya/075-FVR_7632.jpg,https://frozenvibes.in/wp-content/gallery/devina-and-sidd/FVR_7632.jpg,photos/devina-and-siddkenya,1600,1065,325744
source/images/photos/devina-and-siddkenya/076-FVR_8009.jpg,https://frozenvibes.in/wp-content/gallery/devina-and-sidd/FVR_8009.jpg,photos/devina-and-siddkenya,1600,1065,345653
source/images/photos/devina-and-siddkenya/077-FVR_9596.jpg,https://frozenvibes.in/wp-content/gallery/devina-and-sidd/FVR_9596.jpg,photos/devina-and-siddkenya,1600,1065,293820
source/images/photos/devina-and-siddkenya/078-FVR_9062.jpg,https://frozenvibes.in/wp-content/gallery/devina-and-sidd/FVR_9062.jpg,photos/devina-and-siddkenya,1600,1065,345156
source/images/photos/devina-and-siddkenya/079-FVR_8274.jpg,https://frozenvibes.in/wp-content/gallery/devina-and-sidd/FVR_8274.jpg,photos/devina-and-siddkenya,1600,1065,415860
source/images/photos/devina-and-siddkenya/080-FRV_0121.jpg,https://frozenvibes.in/wp-content/gallery/devina-and-sidd/FRV_0121.jpg,photos/devina-and-siddkenya,1600,1065,263887
source/images/photos/devina-and-siddkenya/081-FRV_0203.jpg,https://frozenvibes.in/wp-content/gallery/devina-and-sidd/FRV_0203.jpg,photos/devina-and-siddkenya,798,1200,188556
source/images/photos/devina-and-siddkenya/082-FRV_0791.jpg,https://frozenvibes.in/wp-content/gallery/devina-and-sidd/FRV_0791.jpg,photos/devina-and-siddkenya,1600,1065,157958
source/images/photos/devina-and-siddkenya/083-FRV_1144.jpg,https://frozenvibes.in/wp-content/gallery/devina-and-sidd/FRV_1144.jpg,photos/devina-and-siddkenya,1600,1065,267312
source/images/photos/devina-and-siddkenya/084-FRV_1567.jpg,https://frozenvibes.in/wp-content/gallery/devina-and-sidd/FRV_1567.jpg,photos/devina-and-siddkenya,1600,1065,262114
source/images/photos/devina-and-siddkenya/085-FRV_2572.jpg,https://frozenvibes.in/wp-content/gallery/devina-and-sidd/FRV_2572.jpg,photos/devina-and-siddkenya,1600,1065,280652
source/images/photos/devina-and-siddkenya/086-FRV_2982.jpg,https://frozenvibes.in/wp-content/gallery/devina-and-sidd/FRV_2982.jpg,photos/devina-and-siddkenya,1600,1065,188482
source/images/photos/devina-and-siddkenya/087-FRV_3046.jpg,https://frozenvibes.in/wp-content/gallery/devina-and-sidd/FRV_3046.jpg,photos/devina-and-siddkenya,1600,1065,176236
source/images/photos/devina-and-siddkenya/088-FRV_3735.jpg,https://frozenvibes.in/wp-content/gallery/devina-and-sidd/FRV_3735.jpg,photos/devina-and-siddkenya,798,1200,206636
source/images/photos/devina-and-siddkenya/089-FRV_6740.jpg,https://frozenvibes.in/wp-content/gallery/devina-and-sidd/FRV_6740.jpg,photos/devina-and-siddkenya,1600,1065,211084
source/images/photos/devina-and-siddkenya/090-FRV_6905.jpg,https://frozenvibes.in/wp-content/gallery/devina-and-sidd/FRV_6905.jpg,photos/devina-and-siddkenya,1600,1065,279832
source/images/photos/devina-and-siddkenya/091-FRV_9046.jpg,https://frozenvibes.in/wp-content/gallery/devina-and-sidd/FRV_9046.jpg,photos/devina-and-siddkenya,1600,1065,305139
source/images/photos/devina-and-siddkenya/092-FVR_7152.jpg,https://frozenvibes.in/wp-content/gallery/devina-and-sidd/FVR_7152.jpg,photos/devina-and-siddkenya,798,1200,198076
source/images/photos/devina-and-siddkenya/093-FVR_7605.jpg,https://frozenvibes.in/wp-content/gallery/devina-and-sidd/FVR_7605.jpg,photos/devina-and-siddkenya,1600,1065,359085
source/images/photos/devina-and-siddkenya/094-FVR_8258.jpg,https://frozenvibes.in/wp-content/gallery/devina-and-sidd/FVR_8258.jpg,photos/devina-and-siddkenya,1600,1065,314405
source/images/photos/devina-and-siddkenya/095-FVR_8706.jpg,https://frozenvibes.in/wp-content/gallery/devina-and-sidd/FVR_8706.jpg,photos/devina-and-siddkenya,1600,1065,390324
source/images/photos/devina-and-siddkenya/096-FVR_8983.jpg,https://frozenvibes.in/wp-content/gallery/devina-and-sidd/FVR_8983.jpg,photos/devina-and-siddkenya,1600,1065,344257
source/images/photos/devina-and-siddkenya/097-FVR_9086.jpg,https://frozenvibes.in/wp-content/gallery/devina-and-sidd/FVR_9086.jpg,photos/devina-and-siddkenya,1600,1065,317995
source/images/photos/devina-and-siddkenya/098-FVR_9742.jpg,https://frozenvibes.in/wp-content/gallery/devina-and-sidd/FVR_9742.jpg,photos/devina-and-siddkenya,798,1200,189617
source/images/photos/devina-and-siddkenya/099-FVR_9809.jpg,https://frozenvibes.in/wp-content/gallery/devina-and-sidd/FVR_9809.jpg,photos/devina-and-siddkenya,1600,1065,323453
source/images/photos/devina-and-siddkenya/100-FRV_0761.jpg,https://frozenvibes.in/wp-content/gallery/devina-and-sidd/FRV_0761.jpg,photos/devina-and-siddkenya,1600,1065,187688
source/images/photos/devina-and-siddkenya/101-FRV_1120.jpg,https://frozenvibes.in/wp-content/gallery/devina-and-sidd/FRV_1120.jpg,photos/devina-and-siddkenya,1600,1065,185838
source/images/photos/devina-and-siddkenya/102-FRV_1121.jpg,https://frozenvibes.in/wp-content/gallery/devina-and-sidd/FRV_1121.jpg,photos/devina-and-siddkenya,1600,1065,292431
source/images/photos/devina-and-siddkenya/103-FRV_1198.jpg,https://frozenvibes.in/wp-content/gallery/devina-and-sidd/FRV_1198.jpg,photos/devina-and-siddkenya,1600,1065,306680
source/images/photos/devina-and-siddkenya/104-FRV_1444.jpg,https://frozenvibes.in/wp-content/gallery/devina-and-sidd/FRV_1444.jpg,photos/devina-and-siddkenya,1600,1065,192502
source/images/photos/devina-and-siddkenya/105-FRV_1702.jpg,https://frozenvibes.in/wp-content/gallery/devina-and-sidd/FRV_1702.jpg,photos/devina-and-siddkenya,1600,1065,334585
source/images/photos/devina-and-siddkenya/106-FRV_3816.jpg,https://frozenvibes.in/wp-content/gallery/devina-and-sidd/FRV_3816.jpg,photos/devina-and-siddkenya,1600,1065,391597
source/images/photos/devina-and-siddkenya/107-FRV_8913.jpg,https://frozenvibes.in/wp-content/gallery/devina-and-sidd/FRV_8913.jpg,photos/devina-and-siddkenya,1600,1065,257291
source/images/photos/devina-and-siddkenya/108-FRV_9214.jpg,https://frozenvibes.in/wp-content/gallery/devina-and-sidd/FRV_9214.jpg,photos/devina-and-siddkenya,1600,1065,423334
source/images/photos/devina-and-siddkenya/109-FRV_9506.jpg,https://frozenvibes.in/wp-content/gallery/devina-and-sidd/FRV_9506.jpg,photos/devina-and-siddkenya,1600,1065,409339
source/images/photos/devina-and-siddkenya/110-FRV_9879.jpg,https://frozenvibes.in/wp-content/gallery/devina-and-sidd/FRV_9879.jpg,photos/devina-and-siddkenya,1600,1065,473892
source/images/photos/devina-and-siddkenya/111-FVR_5007.jpg,https://frozenvibes.in/wp-content/gallery/devina-and-sidd/FVR_5007.jpg,photos/devina-and-siddkenya,1600,1067,326823
source/images/photos/devina-and-siddkenya/112-FVR_5041.jpg,https://frozenvibes.in/wp-content/gallery/devina-and-sidd/FVR_5041.jpg,photos/devina-and-siddkenya,1600,1067,372558
source/images/photos/devina-and-siddkenya/113-FVR_7079.jpg,https://frozenvibes.in/wp-content/gallery/devina-and-sidd/FVR_7079.jpg,photos/devina-and-siddkenya,1600,1065,389033
source/images/photos/devina-and-siddkenya/114-FVR_7121.jpg,https://frozenvibes.in/wp-content/gallery/devina-and-sidd/FVR_7121.jpg,photos/devina-and-siddkenya,1600,1065,356232
source/images/photos/devina-and-siddkenya/115-FVR_7383.jpg,https://frozenvibes.in/wp-content/gallery/devina-and-sidd/FVR_7383.jpg,photos/devina-and-siddkenya,1600,1065,264853
source/images/photos/devina-and-siddkenya/116-FVR_9003.jpg,https://frozenvibes.in/wp-content/gallery/devina-and-sidd/FVR_9003.jpg,photos/devina-and-siddkenya,1600,1065,345721
source/images/photos/devina-and-siddkenya/117-FVR_9013.jpg,https://frozenvibes.in/wp-content/gallery/devina-and-sidd/FVR_9013.jpg,photos/devina-and-siddkenya,1600,1065,343071
source/images/photos/devina-and-siddkenya/118-FVR_9545.jpg,https://frozenvibes.in/wp-content/gallery/devina-and-sidd/FVR_9545.jpg,photos/devina-and-siddkenya,1600,1065,360493
source/images/photos/devina-and-siddkenya/119-FVR_9762.jpg,https://frozenvibes.in/wp-content/gallery/devina-and-sidd/FVR_9762.jpg,photos/devina-and-siddkenya,1600,1065,349425
source/images/photos/devina-and-siddkenya/120-FRV_0931.jpg,https://frozenvibes.in/wp-content/gallery/devina-and-sidd/FRV_0931.jpg,photos/devina-and-siddkenya,1600,1065,179498
source/images/photos/devina-and-siddkenya/121-FRV_1438.jpg,https://frozenvibes.in/wp-content/gallery/devina-and-sidd/FRV_1438.jpg,photos/devina-and-siddkenya,1600,1065,288830
source/images/photos/devina-and-siddkenya/122-FRV_6924.jpg,https://frozenvibes.in/wp-content/gallery/devina-and-sidd/FRV_6924.jpg,photos/devina-and-siddkenya,1600,1065,372532
source/images/photos/devina-and-siddkenya/123-FRV_9257.jpg,https://frozenvibes.in/wp-content/gallery/devina-and-sidd/FRV_9257.jpg,photos/devina-and-siddkenya,1600,1065,363117
source/images/photos/devina-and-siddkenya/124-FVR_7290.jpg,https://frozenvibes.in/wp-content/gallery/devina-and-sidd/FVR_7290.jpg,photos/devina-and-siddkenya,1600,1065,218216
source/images/photos/devina-and-siddkenya/125-FVR_9341.jpg,https://frozenvibes.in/wp-content/gallery/devina-and-sidd/FVR_9341.jpg,photos/devina-and-siddkenya,1600,1065,436478
source/images/photos/FRV_31402-scaled.jpg,https://frozenvibes.in/wp-content/uploads/2024/08/FRV_31402-scaled.jpg,photos,1600,1064,180235
source/images/photos/FRV_6210-edited.jpg,https://frozenvibes.in/wp-content/uploads/2024/08/FRV_6210-edited.jpg,photos,1600,1066,232560
source/images/photos/99A0837-scaled.jpg,https://frozenvibes.in/wp-content/uploads/2024/08/99A0837-scaled.jpg,photos,1600,1067,323983
source/images/photos/FRV_7573-2-edited-scaled.jpg,https://frozenvibes.in/wp-content/uploads/2024/08/FRV_7573-2-edited-scaled.jpg,photos,1600,1067,174818
source/images/photos/FRV_0227-scaled.jpg,https://frozenvibes.in/wp-content/uploads/2024/08/FRV_0227-scaled.jpg,photos,1600,1065,227661
source/images/photos/FRV_6256-scaled.jpg,https://frozenvibes.in/wp-content/uploads/2024/08/FRV_6256-scaled.jpg,photos,1600,1064,241739
source/images/photos/FRV_3735-edited.jpg,https://frozenvibes.in/wp-content/uploads/2024/08/FRV_3735-edited.jpg,photos,1600,1066,419896
source/images/photos/FRV_2616-scaled.jpg,https://frozenvibes.in/wp-content/uploads/2024/08/FRV_2616-scaled.jpg,photos,1600,1064,211048
source/images/about/2-for-website-scaled.jpg,https://frozenvibes.in/wp-content/uploads/2024/10/2-for-website-scaled.jpg,about,1600,1947,279569
source/images/library-unused/DJI_20240901054105_0030_D-Enhanced-NR-1-scaled.jpg,https://frozenvibes.in/wp-content/uploads/2024/01/DJI_20240901054105_0030_D-Enhanced-NR-1-scaled.jpg,library-unused,1600,829,160992
source/images/library-unused/rahul-final-1-scaled.jpg,https://frozenvibes.in/wp-content/uploads/2024/01/rahul-final-1-scaled.jpg,library-unused,1600,1064,111053
source/images/library-unused/2-for-website-1-scaled.jpg,https://frozenvibes.in/wp-content/uploads/2024/01/2-for-website-1-scaled.jpg,library-unused,1600,1947,279569
source/images/library-unused/DJI_20240901054105_0030_D-Enhanced-NR-scaled.jpg,https://frozenvibes.in/wp-content/uploads/2024/01/DJI_20240901054105_0030_D-Enhanced-NR-scaled.jpg,library-unused,1600,829,160992
source/images/library-unused/rah.png,https://frozenvibes.in/wp-content/uploads/2024/01/rah.png,library-unused,1600,1065,601379
source/images/library-unused/nik.png,https://frozenvibes.in/wp-content/uploads/2024/01/nik.png,library-unused,1600,1065,460182
source/images/library-unused/2-for-website-scaled.jpg,https://frozenvibes.in/wp-content/uploads/2024/01/2-for-website-scaled.jpg,library-unused,1600,1947,279569
source/images/library-unused/rahul-final-scaled.jpg,https://frozenvibes.in/wp-content/uploads/2024/01/rahul-final-scaled.jpg,library-unused,1600,1064,111053
source/images/library-unused/nik-final-1-scaled.jpg,https://frozenvibes.in/wp-content/uploads/2024/01/nik-final-1-scaled.jpg,library-unused,1600,1064,130125
source/images/library-unused/nik-final-scaled.jpg,https://frozenvibes.in/wp-content/uploads/2024/01/nik-final-scaled.jpg,library-unused,1600,1064,130125
source/images/library-unused/FRV_5431-scaled.jpg,https://frozenvibes.in/wp-content/uploads/2024/01/FRV_5431-scaled.jpg,library-unused,1600,2404,696769
source/images/library-unused/FRV_6210-scaled.jpg,https://frozenvibes.in/wp-content/uploads/2024/08/FRV_6210-scaled.jpg,library-unused,1600,2405,351281
source/images/library-unused/FRV_7573-2-scaled.jpg,https://frozenvibes.in/wp-content/uploads/2024/08/FRV_7573-2-scaled.jpg,library-unused,1600,2000,413451
source/images/library-unused/FRV_3954-scaled.jpg,https://frozenvibes.in/wp-content/uploads/2024/08/FRV_3954-scaled.jpg,library-unused,1600,1064,246673
source/images/library-unused/FRV_7573-1-scaled.jpg,https://frozenvibes.in/wp-content/uploads/2024/08/FRV_7573-1-scaled.jpg,library-unused,1600,2000,413451
source/images/library-unused/FRV_3735-scaled.jpg,https://frozenvibes.in/wp-content/uploads/2024/08/FRV_3735-scaled.jpg,library-unused,1600,2405,860011
source/images/library-unused/FRV_4820-2-scaled.jpg,https://frozenvibes.in/wp-content/uploads/2024/08/FRV_4820-2-scaled.jpg,library-unused,1600,1064,247435
source/images/library-unused/FRV_5267-2-scaled.jpg,https://frozenvibes.in/wp-content/uploads/2024/08/FRV_5267-2-scaled.jpg,library-unused,1600,1064,577021
source/images/library-unused/FRV_5091-2-scaled.jpg,https://frozenvibes.in/wp-content/uploads/2024/08/FRV_5091-2-scaled.jpg,library-unused,1600,1064,257344
source/images/library-unused/99A4976-1-scaled.jpg,https://frozenvibes.in/wp-content/uploads/2024/08/99A4976-1-scaled.jpg,library-unused,1600,1067,303165
source/images/library-unused/FRV_7573-scaled.jpg,https://frozenvibes.in/wp-content/uploads/2024/01/FRV_7573-scaled.jpg,library-unused,1600,2000,397599
source/images/library-unused/FVR_9274-scaled.jpg,https://frozenvibes.in/wp-content/uploads/2024/01/FVR_9274-scaled.jpg,library-unused,1600,2405,552164
source/images/library-unused/FRV_0203-scaled.jpg,https://frozenvibes.in/wp-content/uploads/2024/01/FRV_0203-scaled.jpg,library-unused,1600,2405,669748
source/images/library-unused/FRV_3046-scaled.jpg,https://frozenvibes.in/wp-content/uploads/2024/01/FRV_3046-scaled.jpg,library-unused,1600,1064,177921
source/images/library-unused/FRV_3754-scaled.jpg,https://frozenvibes.in/wp-content/uploads/2024/01/FRV_3754-scaled.jpg,library-unused,1600,2120,399570
source/images/library-unused/FRV_4820-1-scaled.jpg,https://frozenvibes.in/wp-content/uploads/2024/08/FRV_4820-1-scaled.jpg,library-unused,1600,1064,247435
source/images/library-unused/FRV_4820-scaled.jpg,https://frozenvibes.in/wp-content/uploads/2024/08/FRV_4820-scaled.jpg,library-unused,1600,1064,247435
source/images/library-unused/FRV_4745-scaled.jpg,https://frozenvibes.in/wp-content/uploads/2024/08/FRV_4745-scaled.jpg,library-unused,1600,1064,236902
source/images/library-unused/FRV_4770-scaled.jpg,https://frozenvibes.in/wp-content/uploads/2024/08/FRV_4770-scaled.jpg,library-unused,1600,1064,269592
source/images/library-unused/FRV_4127-scaled.jpg,https://frozenvibes.in/wp-content/uploads/2024/08/FRV_4127-scaled.jpg,library-unused,1600,1064,354034
source/images/library-unused/FRV_3046-1-scaled.jpg,https://frozenvibes.in/wp-content/uploads/2024/08/FRV_3046-1-scaled.jpg,library-unused,1600,1064,177921
source/images/library-unused/FVR_6776.jpg,https://frozenvibes.in/wp-content/uploads/2024/08/FVR_6776.jpg,library-unused,1600,2405,1193980
source/images/library-unused/FVR_7079.jpg,https://frozenvibes.in/wp-content/uploads/2024/08/FVR_7079.jpg,library-unused,1600,1065,391806
source/images/library-unused/FRV_4123.jpg,https://frozenvibes.in/wp-content/uploads/2024/08/FRV_4123.jpg,library-unused,1600,1064,372593
source/images/library-unused/FVR_8269.jpg,https://frozenvibes.in/wp-content/uploads/2024/08/FVR_8269.jpg,library-unused,1600,1064,390352
source/images/library-unused/FRV_0203.jpg,https://frozenvibes.in/wp-content/uploads/2024/08/FRV_0203.jpg,library-unused,1600,2405,735278
source/images/library-unused/FVR_9809.jpg,https://frozenvibes.in/wp-content/uploads/2024/08/FVR_9809.jpg,library-unused,1600,1064,328904
source/images/library-unused/FVR_9050.jpg,https://frozenvibes.in/wp-content/uploads/2024/08/FVR_9050.jpg,library-unused,1600,1064,338915
source/images/library-unused/FRV_2315.jpg,https://frozenvibes.in/wp-content/uploads/2024/08/FRV_2315.jpg,library-unused,1600,1064,335353
source/images/library-unused/FVR_9742.jpg,https://frozenvibes.in/wp-content/uploads/2024/08/FVR_9742.jpg,library-unused,1600,2405,730459
source/images/library-unused/FRV_3476.jpg,https://frozenvibes.in/wp-content/uploads/2024/08/FRV_3476.jpg,library-unused,1600,1064,355216
source/images/library-unused/FVR_7430.jpg,https://frozenvibes.in/wp-content/uploads/2024/08/FVR_7430.jpg,library-unused,1600,1064,352176
source/images/library-unused/FVR_9013.jpg,https://frozenvibes.in/wp-content/uploads/2024/08/FVR_9013.jpg,library-unused,1600,1064,348816
source/images/library-unused/FVR_8394.jpg,https://frozenvibes.in/wp-content/uploads/2024/08/FVR_8394.jpg,library-unused,1600,1064,346254
source/images/library-unused/FVR_8258.jpg,https://frozenvibes.in/wp-content/uploads/2024/08/FVR_8258.jpg,library-unused,1600,1064,321048
source/images/library-unused/FRV_6839.jpg,https://frozenvibes.in/wp-content/uploads/2024/08/FRV_6839.jpg,library-unused,1600,1064,302259
source/images/library-unused/FVR_9003.jpg,https://frozenvibes.in/wp-content/uploads/2024/08/FVR_9003.jpg,library-unused,1600,1064,350117
source/images/library-unused/FVR_7152.jpg,https://frozenvibes.in/wp-content/uploads/2024/08/FVR_7152.jpg,library-unused,1600,2405,699474
source/images/library-unused/FRV_3473.jpg,https://frozenvibes.in/wp-content/uploads/2024/08/FRV_3473.jpg,library-unused,1600,1064,355989
source/images/library-unused/FRV_6798.jpg,https://frozenvibes.in/wp-content/uploads/2024/08/FRV_6798.jpg,library-unused,1600,1064,405881
source/images/library-unused/FRV_1144-scaled.jpg,https://frozenvibes.in/wp-content/uploads/2024/08/FRV_1144-scaled.jpg,library-unused,1600,1064,269460
source/images/library-unused/FVR_7598.jpg,https://frozenvibes.in/wp-content/uploads/2024/08/FVR_7598.jpg,library-unused,1600,1064,352658
source/images/library-unused/FVR_8983.jpg,https://frozenvibes.in/wp-content/uploads/2024/08/FVR_8983.jpg,library-unused,1600,1064,347994
source/images/library-unused/FRV_0723.jpg,https://frozenvibes.in/wp-content/uploads/2024/08/FRV_0723.jpg,library-unused,1600,1064,247521
source/images/library-unused/FVR_9114.jpg,https://frozenvibes.in/wp-content/uploads/2024/08/FVR_9114.jpg,library-unused,1600,1064,355392
source/images/library-unused/FVR_7121.jpg,https://frozenvibes.in/wp-content/uploads/2024/08/FVR_7121.jpg,library-unused,1600,1064,362526
source/images/library-unused/FVR_0241.jpg,https://frozenvibes.in/wp-content/uploads/2024/08/FVR_0241.jpg,library-unused,1600,1064,283046
source/images/library-unused/FRV_9403.jpg,https://frozenvibes.in/wp-content/uploads/2024/08/FRV_9403.jpg,library-unused,1600,1064,410796
source/images/library-unused/FRV_6833.jpg,https://frozenvibes.in/wp-content/uploads/2024/08/FRV_6833.jpg,library-unused,1600,1064,292612
source/images/library-unused/FVR_9062.jpg,https://frozenvibes.in/wp-content/uploads/2024/08/FVR_9062.jpg,library-unused,1600,1064,349955
source/images/library-unused/FVR_8009.jpg,https://frozenvibes.in/wp-content/uploads/2024/08/FVR_8009.jpg,library-unused,1600,1064,347802
source/images/library-unused/FVR_9762.jpg,https://frozenvibes.in/wp-content/uploads/2024/08/FVR_9762.jpg,library-unused,1600,1064,355696
source/images/library-unused/FVR_9086.jpg,https://frozenvibes.in/wp-content/uploads/2024/08/FVR_9086.jpg,library-unused,1600,1064,322915
source/images/library-unused/FVR_9989.jpg,https://frozenvibes.in/wp-content/uploads/2024/08/FVR_9989.jpg,library-unused,1600,2405,706329
source/images/library-unused/FRV_1768.jpg,https://frozenvibes.in/wp-content/uploads/2024/08/FRV_1768.jpg,library-unused,1600,1064,371062
source/images/library-unused/FRV_1121.jpg,https://frozenvibes.in/wp-content/uploads/2024/08/FRV_1121.jpg,library-unused,1600,1064,297298
source/images/library-unused/FRV_2075.jpg,https://frozenvibes.in/wp-content/uploads/2024/08/FRV_2075.jpg,library-unused,1600,1064,354369
source/images/library-unused/FRV_9963.jpg,https://frozenvibes.in/wp-content/uploads/2024/08/FRV_9963.jpg,library-unused,1600,1064,346064
source/images/library-unused/FVR_5041.jpg,https://frozenvibes.in/wp-content/uploads/2024/08/FVR_5041.jpg,library-unused,1600,1067,373768
source/images/library-unused/FRV_1198.jpg,https://frozenvibes.in/wp-content/uploads/2024/08/FRV_1198.jpg,library-unused,1600,1064,309895
source/images/library-unused/FVR_9545.jpg,https://frozenvibes.in/wp-content/uploads/2024/08/FVR_9545.jpg,library-unused,1600,1064,367306
source/images/library-unused/FVR_7977.jpg,https://frozenvibes.in/wp-content/uploads/2024/08/FVR_7977.jpg,library-unused,1600,1064,340469
source/images/library-unused/FVR_8592.jpg,https://frozenvibes.in/wp-content/uploads/2024/08/FVR_8592.jpg,library-unused,1600,1064,338945
source/images/library-unused/FRV_9046.jpg,https://frozenvibes.in/wp-content/uploads/2024/08/FRV_9046.jpg,library-unused,1600,1064,312767
source/images/library-unused/FVR_7632.jpg,https://frozenvibes.in/wp-content/uploads/2024/08/FVR_7632.jpg,library-unused,1600,1064,332065
source/images/library-unused/FVR_9991.jpg,https://frozenvibes.in/wp-content/uploads/2024/08/FVR_9991.jpg,library-unused,1600,2405,709929
source/images/library-unused/FRV_1735.jpg,https://frozenvibes.in/wp-content/uploads/2024/08/FRV_1735.jpg,library-unused,1600,1064,346259
source/images/library-unused/FRV_0276.jpg,https://frozenvibes.in/wp-content/uploads/2024/08/FRV_0276.jpg,library-unused,1600,1064,304550
source/images/library-unused/FVR_9596.jpg,https://frozenvibes.in/wp-content/uploads/2024/08/FVR_9596.jpg,library-unused,1600,1064,297717
source/images/library-unused/FRV_2727.jpg,https://frozenvibes.in/wp-content/uploads/2024/08/FRV_2727.jpg,library-unused,1600,2405,595653
source/images/library-unused/DSC_3220.jpg,https://frozenvibes.in/wp-content/uploads/2024/08/DSC_3220.jpg,library-unused,1600,1064,264829
source/images/library-unused/FRV_0761.jpg,https://frozenvibes.in/wp-content/uploads/2024/08/FRV_0761.jpg,library-unused,1600,1064,192941
source/images/library-unused/FRV_9063.jpg,https://frozenvibes.in/wp-content/uploads/2024/08/FRV_9063.jpg,library-unused,1600,1064,271765
source/images/library-unused/FVR_9274.jpg,https://frozenvibes.in/wp-content/uploads/2024/08/FVR_9274.jpg,library-unused,1600,2405,596748
source/images/library-unused/FRV_3863.jpg,https://frozenvibes.in/wp-content/uploads/2024/08/FRV_3863.jpg,library-unused,1600,2405,607611
source/images/library-unused/FRV_2572.jpg,https://frozenvibes.in/wp-content/uploads/2024/08/FRV_2572.jpg,library-unused,1600,1064,285655
source/images/library-unused/FRV_3693.jpg,https://frozenvibes.in/wp-content/uploads/2024/08/FRV_3693.jpg,library-unused,1600,2405,596758
source/images/library-unused/FVR_8261.jpg,https://frozenvibes.in/wp-content/uploads/2024/08/FVR_8261.jpg,library-unused,1600,1064,312323
source/images/library-unused/FRV_8913-scaled.jpg,https://frozenvibes.in/wp-content/uploads/2024/08/FRV_8913-scaled.jpg,library-unused,1600,1064,259363
source/images/library-unused/FRV_1702-scaled.jpg,https://frozenvibes.in/wp-content/uploads/2024/08/FRV_1702-scaled.jpg,library-unused,1600,1064,329248
source/images/library-unused/FRV_3159.jpg,https://frozenvibes.in/wp-content/uploads/2024/08/FRV_3159.jpg,library-unused,1600,1064,352153
source/images/library-unused/FVR_7383.jpg,https://frozenvibes.in/wp-content/uploads/2024/08/FVR_7383.jpg,library-unused,1600,1064,268007
source/images/library-unused/FRV_6804.jpg,https://frozenvibes.in/wp-content/uploads/2024/08/FRV_6804.jpg,library-unused,1600,1064,265667
source/images/library-unused/FRV_0237.jpg,https://frozenvibes.in/wp-content/uploads/2024/08/FRV_0237.jpg,library-unused,1600,1064,277632
source/images/library-unused/FVR_8572.jpg,https://frozenvibes.in/wp-content/uploads/2024/08/FVR_8572.jpg,library-unused,1600,1064,241290
source/images/library-unused/FRV_1120.jpg,https://frozenvibes.in/wp-content/uploads/2024/08/FRV_1120.jpg,library-unused,1600,1064,191325
source/images/library-unused/FVR_5111.jpg,https://frozenvibes.in/wp-content/uploads/2024/08/FVR_5111.jpg,library-unused,1600,2400,540061
source/images/library-unused/FRV_1741.jpg,https://frozenvibes.in/wp-content/uploads/2024/08/FRV_1741.jpg,library-unused,1600,1064,264431
source/images/library-unused/FVR_8229.jpg,https://frozenvibes.in/wp-content/uploads/2024/08/FVR_8229.jpg,library-unused,1600,1064,262285
source/images/library-unused/FRV_1567.jpg,https://frozenvibes.in/wp-content/uploads/2024/08/FRV_1567.jpg,library-unused,1600,1064,264090
source/images/library-unused/FRV_1444.jpg,https://frozenvibes.in/wp-content/uploads/2024/08/FRV_1444.jpg,library-unused,1600,1064,195949
source/images/library-unused/FRV_0791.jpg,https://frozenvibes.in/wp-content/uploads/2024/08/FRV_0791.jpg,library-unused,1600,1064,162189
source/images/library-unused/FRV_0121.jpg,https://frozenvibes.in/wp-content/uploads/2024/08/FRV_0121.jpg,library-unused,1600,1064,264770
source/images/library-unused/FRV_1466.jpg,https://frozenvibes.in/wp-content/uploads/2024/08/FRV_1466.jpg,library-unused,1600,1064,232041
source/images/library-unused/FRV_6740.jpg,https://frozenvibes.in/wp-content/uploads/2024/08/FRV_6740.jpg,library-unused,1600,1064,214297
source/images/library-unused/FRV_1489.jpg,https://frozenvibes.in/wp-content/uploads/2024/08/FRV_1489.jpg,library-unused,1600,1064,208529
source/images/library-unused/FRV_9592.jpg,https://frozenvibes.in/wp-content/uploads/2024/08/FRV_9592.jpg,library-unused,1600,1064,230756
source/images/library-unused/FRV_9599.jpg,https://frozenvibes.in/wp-content/uploads/2024/08/FRV_9599.jpg,library-unused,1600,1064,242909
source/images/library-unused/FRV_0910.jpg,https://frozenvibes.in/wp-content/uploads/2024/08/FRV_0910.jpg,library-unused,1600,1064,168182
source/images/library-unused/FRV_2982.jpg,https://frozenvibes.in/wp-content/uploads/2024/08/FRV_2982.jpg,library-unused,1600,1064,189902
source/images/library-unused/FRV_9989.jpg,https://frozenvibes.in/wp-content/uploads/2024/08/FRV_9989.jpg,library-unused,1600,1064,219136
source/images/library-unused/FRV_8978.jpg,https://frozenvibes.in/wp-content/uploads/2024/08/FRV_8978.jpg,library-unused,1600,1064,246184
source/images/library-unused/FRV_0110.jpg,https://frozenvibes.in/wp-content/uploads/2024/08/FRV_0110.jpg,library-unused,1600,1064,192024
source/images/library-unused/FRV_1492.jpg,https://frozenvibes.in/wp-content/uploads/2024/08/FRV_1492.jpg,library-unused,1600,1064,204341
source/images/library-unused/FRV_9295.jpg,https://frozenvibes.in/wp-content/uploads/2024/08/FRV_9295.jpg,library-unused,1600,1064,215110
source/images/library-unused/FVR_7402.jpg,https://frozenvibes.in/wp-content/uploads/2024/08/FVR_7402.jpg,library-unused,1600,1064,225228
source/images/library-unused/FRV_3046.jpg,https://frozenvibes.in/wp-content/uploads/2024/08/FRV_3046.jpg,library-unused,1600,1064,177708
source/images/library-unused/FRV_1488.jpg,https://frozenvibes.in/wp-content/uploads/2024/08/FRV_1488.jpg,library-unused,1600,1064,190723
source/images/library-unused/FVR_8369.jpg,https://frozenvibes.in/wp-content/uploads/2024/08/FVR_8369.jpg,library-unused,1600,1064,179232
source/images/library-unused/FVR_5007-scaled.jpg,https://frozenvibes.in/wp-content/uploads/2024/08/FVR_5007-scaled.jpg,library-unused,1600,1066,338742
source/images/library-unused/FRV_8430-2-copy.jpg,https://frozenvibes.in/wp-content/uploads/2024/08/nggallery_import/FRV_8430-2-copy.jpg,library-unused,1600,1067,389164
source/images/library-unused/12ds.jpg,https://frozenvibes.in/wp-content/uploads/2024/08/nggallery_import/12ds.jpg,library-unused,1600,1067,420614
source/images/library-unused/frozen-vibes-black.png,https://frozenvibes.in/wp-content/uploads/2024/01/frozen-vibes-black.png,library-unused,1273,829,36183
source/images/library-unused/Untitled-6-copy-scaled.jpg,https://frozenvibes.in/wp-content/uploads/2024/08/Untitled-6-copy-scaled.jpg,library-unused,1600,1067,244386
source/images/library-unused/FRV_5687-scaled.jpg,https://frozenvibes.in/wp-content/uploads/2024/08/FRV_5687-scaled.jpg,library-unused,1600,1064,159684
source/images/library-unused/FRV_4709-scaled.jpg,https://frozenvibes.in/wp-content/uploads/2024/08/FRV_4709-scaled.jpg,library-unused,1600,1064,243921
source/images/library-unused/frozen-vibes-white-1.png,https://frozenvibes.in/wp-content/uploads/2024/08/frozen-vibes-white-1.png,library-unused,1600,2000,92433
source/images/library-unused/DSC_6914-scaled.jpg,https://frozenvibes.in/wp-content/uploads/2024/08/DSC_6914-scaled.jpg,library-unused,1600,2000,326035
source/images/library-unused/ABJ_4757-scaled.jpg,https://frozenvibes.in/wp-content/uploads/2024/08/ABJ_4757-scaled.jpg,library-unused,1600,1064,551940
source/images/library-unused/99A4976-scaled.jpg,https://frozenvibes.in/wp-content/uploads/2024/08/99A4976-scaled.jpg,library-unused,1600,1067,303165
source/images/library-unused/FRV_7666-scaled.jpg,https://frozenvibes.in/wp-content/uploads/2024/08/FRV_7666-scaled.jpg,library-unused,1600,2000,310560
source/images/library-unused/FRV_7573-scaled.jpg,https://frozenvibes.in/wp-content/uploads/2024/08/FRV_7573-scaled.jpg,library-unused,1600,2000,397599
source/images/library-unused/FRV_5801-scaled.jpg,https://frozenvibes.in/wp-content/uploads/2024/08/FRV_5801-scaled.jpg,library-unused,1600,1067,329146
source/images/library-unused/FRV_0940-scaled.jpg,https://frozenvibes.in/wp-content/uploads/2024/08/FRV_0940-scaled.jpg,library-unused,1600,2000,404333
source/images/library-unused/DSC_7649-scaled.jpg,https://frozenvibes.in/wp-content/uploads/2024/08/DSC_7649-scaled.jpg,library-unused,1600,1067,229633
source/images/library-unused/FRV_7295-scaled.jpg,https://frozenvibes.in/wp-content/uploads/2024/08/FRV_7295-scaled.jpg,library-unused,1600,1064,359828
source/images/library-unused/FRV_6786-scaled.jpg,https://frozenvibes.in/wp-content/uploads/2024/08/FRV_6786-scaled.jpg,library-unused,1600,1064,270520
source/images/library-unused/FRV_6122-copy-scaled.jpg,https://frozenvibes.in/wp-content/uploads/2024/08/FRV_6122-copy-scaled.jpg,library-unused,1600,1064,248572
source/images/library-unused/FRV_3864-scaled.jpg,https://frozenvibes.in/wp-content/uploads/2024/08/FRV_3864-scaled.jpg,library-unused,1600,1064,417371
source/images/library-unused/FRV_2657-scaled.jpg,https://frozenvibes.in/wp-content/uploads/2024/08/FRV_2657-scaled.jpg,library-unused,1600,1064,319618
source/images/library-unused/12ds-scaled.jpg,https://frozenvibes.in/wp-content/uploads/2024/08/12ds-scaled.jpg,library-unused,1600,1067,420200
source/images/library-unused/FRV_8430-2-copy-scaled.jpg,https://frozenvibes.in/wp-content/uploads/2024/08/FRV_8430-2-copy-scaled.jpg,library-unused,1600,1066,389449
source/images/library-unused/FRV_5267-scaled.jpg,https://frozenvibes.in/wp-content/uploads/2024/08/FRV_5267-scaled.jpg,library-unused,1600,1064,577021
source/images/library-unused/FRV_5091-scaled.jpg,https://frozenvibes.in/wp-content/uploads/2024/08/FRV_5091-scaled.jpg,library-unused,1600,1064,257344
source/images/library-unused/FRV_0784-2-scaled.jpg,https://frozenvibes.in/wp-content/uploads/2024/08/FRV_0784-2-scaled.jpg,library-unused,1600,2000,479579
source/images/library-unused/frozen-vibes-black.png,https://frozenvibes.in/wp-content/uploads/2024/08/frozen-vibes-black.png,library-unused,1273,829,36183
source/images/library-unused/frozen-vibes-white-edited-1.png,https://frozenvibes.in/wp-content/uploads/2024/08/frozen-vibes-white-edited-1.png,library-unused,903,903,23699
source/images/library-unused/frozen-vibes-white.png,https://frozenvibes.in/wp-content/uploads/2024/08/frozen-vibes-white.png,library-unused,1371,903,33733
source/images/library-unused/frozen-vibes-white-edited.png,https://frozenvibes.in/wp-content/uploads/2024/08/frozen-vibes-white-edited.png,library-unused,1039,1298,27632
source/images/library-unused/frozen-vibes-white.png,https://frozenvibes.in/wp-content/uploads/2024/01/frozen-vibes-white.png,library-unused,1371,903,33733
